Date,AAPL,AMZN,GOOGL,MSFT,SPY
2022-01-03,177.93972778320312,170.4044952392578,143.802978515625,322.46234130859375,450.6443786621094
2022-01-04,175.68136596679688,167.52200317382812,143.2158203125,316.9330139160156,450.4935302734375
2022-01-05,171.00830078125,164.35699462890625,136.6456298828125,304.76666259765625,441.843017578125
2022-01-06,168.15357971191406,163.25399780273438,136.61834716796875,302.3584289550781,441.4280090332031
2022-01-07,168.31973266601562,162.5540008544922,135.89382934570312,302.5125427246094,439.6827697753906
2022-01-10,168.33934020996094,161.48599243164062,137.53277587890625,302.7341003417969,439.13568115234375
2022-01-11,171.16470336914062,165.36199951171875,138.59054565429688,303.4181213378906,443.1354675292969
2022-01-12,171.6046600341797,165.20700073242188,140.27114868164062,306.5872802734375,444.3334045410156
2022-01-13,168.33934020996094,161.21400451660156,137.45098876953125,293.6117248535156,438.21112060546875
2022-01-14,169.19969177246094,162.13800048828125,138.337158203125,298.8135681152344,438.3904113769531
2022-01-18,166.00277709960938,158.91749572753906,134.88320922851562,291.5406494140625,430.62664794921875
2022-01-19,162.51260375976562,156.2989959716797,134.0089111328125,292.19573974609375,426.1553039550781
2022-01-20,160.83106994628906,151.66749572753906,132.21475219726562,290.52923583984375,421.4385070800781
2022-01-21,158.7780303955078,142.64300537109375,129.28297424316406,285.16363525390625,413.16546630859375
2022-01-24,158.00572204589844,144.54400634765625,129.73175048828125,285.4912109375,414.9200439453125
2022-01-25,156.20684814453125,139.98599243164062,125.89449310302734,277.900390625,409.8543395996094
2022-01-26,156.11886596679688,138.87249755859375,128.17364501953125,285.8187255859375,408.8260192871094
2022-01-27,155.65939331054688,139.6374969482422,127.94752502441406,288.8337707519531,406.8072509765625
2022-01-28,166.52093505859375,143.97799682617188,132.25787353515625,296.94476318359375,416.91046142578125
2022-01-31,170.8714141845703,149.57350158691406,134.19436645507812,299.56488037109375,424.4194641113281
2022-02-01,170.7052001953125,151.19349670410156,136.5157012939453,297.4263916015625,427.2872619628906
2022-02-02,171.90768432617188,150.6125030517578,146.78680419921875,301.9538269042969,431.43798828125
2022-02-03,169.03341674804688,138.8455047607422,141.91705322265625,290.1920166015625,421.29705810546875
2022-02-04,168.74957275390625,157.63949584960938,142.11839294433594,294.7099304199219,423.2781066894531
2022-02-07,168.0349884033203,157.9355010986328,138.0599365234375,289.903076171875,421.91961669921875
2022-02-08,171.13804626464844,161.4134979248047,138.2563018798828,293.3805236816406,425.3911437988281
2022-02-09,172.5574493408203,161.1894989013672,140.4313201904297,299.7864074707031,431.6172180175781
2022-02-10,168.48529052734375,159.0034942626953,137.48370361328125,291.2806396484375,423.86297607421875
2022-02-11,165.0787811279297,153.2935028076172,133.18179321289062,284.2100524902344,415.5048522949219
2022-02-14,165.313720703125,155.16700744628906,134.41505432128906,284.17144775390625,414.1465148925781
2022-02-15,169.14112854003906,156.510498046875,135.48870849609375,289.440673828125,420.8253479003906
2022-02-16,168.9062042236328,158.10049438476562,136.60894775390625,289.1028137207031,421.29705810546875
2022-02-17,165.313720703125,154.65249633789062,131.45252990722656,280.6372985839844,412.2975769042969
2022-02-18,163.76705932617188,152.60150146484375,129.33404541015625,277.93450927734375,409.6278991699219
2022-02-22,160.85000610351562,150.19749450683594,128.74937438964844,277.7317810058594,405.2319030761719
2022-02-23,156.68978881835938,144.82699584960938,126.5421371459961,270.5403747558594,398.04364013671875
2022-02-24,159.3032989501953,151.35800170898438,131.60330200195312,284.36328125,404.0339050292969
2022-02-25,161.3688201904297,153.7884979248047,133.35728454589844,286.9888916015625,412.94842529296875
2022-02-28,161.63307189941406,153.56300354003906,133.94993591308594,288.4175109863281,411.8918762207031
2022-03-01,159.75364685058594,151.14199829101562,132.96255493164062,284.7108154296875,405.61871337890625
2022-03-02,163.0426788330078,152.05250549316406,133.46839904785156,289.7689208984375,413.08050537109375
2022-03-03,162.71961975097656,147.89849853515625,132.8018798828125,285.6470642089844,411.0240783691406
2022-03-04,159.7242889404297,145.64100646972656,130.8252410888672,279.7974548339844,407.6845397949219
2022-03-07,155.93600463867188,137.4530029296875,125.34254455566406,269.2275695800781,395.6664123535156
2022-03-08,154.1152801513672,136.01449584960938,126.0625991821289,266.27392578125,392.66656494140625
2022-03-09,159.5089111328125,139.2790069580078,132.3262939453125,278.48468017578125,403.1943664550781
2022-03-10,155.17247009277344,146.8175048828125,131.3439483642578,275.67572021484375,401.3736267089844
2022-03-11,151.46249389648438,145.52450561523438,128.805908203125,270.34735107421875,396.2701416015625
2022-03-14,147.43931579589844,141.85299682617188,124.91854095458984,266.8433837890625,393.37408447265625
2022-03-15,151.81491088867188,147.3665008544922,128.13893127441406,277.18157958984375,402.02459716796875
2022-03-16,156.2198944091797,153.10400390625,132.18797302246094,284.1701965332031,410.9391174316406
2022-03-17,157.2281036376953,157.23899841308594,132.74191284179688,284.9714050292969,416.0802917480469
2022-03-18,160.51718139648438,161.25050354003906,135.0096435546875,290.0005187988281,420.6376037597656
2022-03-21,161.88760375976562,161.4915008544922,134.98583984375,288.7746276855469,420.5146484375
2022-03-22,165.2549285888672,164.88900756835938,138.7214813232422,293.50457763671875,425.4351806640625
2022-03-23,166.61566162109375,163.4080047607422,137.14202880859375,289.09320068359375,419.9563293457031
2022-03-24,170.3941192626953,163.64950561523438,140.41151428222656,293.5431823730469,426.2868957519531
2022-03-25,171.03036499023438,164.77349853515625,140.51168823242188,293.1376647949219,428.3686828613281
2022-03-28,171.89178466796875,168.99049377441406,140.2959747314453,299.9140319824219,431.4156799316406
2022-03-29,175.1808319091797,169.31500244140625,141.3373565673828,304.4604797363281,436.7525939941406
2022-03-30,174.0159912109375,166.30099487304688,140.77499389648438,302.96429443359375,434.0557861328125
2022-03-31,170.92266845703125,162.99749755859375,137.9275360107422,297.60693359375,427.37506103515625
2022-04-01,170.62901306152344,163.55999755859375,139.00164794921875,298.67852783203125,428.5862731933594
2022-04-04,174.6717987060547,168.34649658203125,141.79953002929688,304.0357666015625,432.2578125
2022-04-05,171.36318969726562,164.05499267578125,139.4385528564453,300.0877685546875,426.7978210449219
2022-04-06,168.20143127441406,158.75599670410156,135.42868041992188,289.1028137207031,422.5301208496094
2022-04-07,168.50486755371094,157.7845001220703,134.77459716796875,290.9079284667969,424.6592712402344
2022-04-08,166.49815368652344,154.4604949951172,132.19491577148438,286.6606750488281,423.5237121582031
2022-04-11,162.24981689453125,151.1219940185547,127.76753234863281,275.357177734375,416.2847595214844
2022-04-12,164.1194610595703,150.78750610351562,126.66759490966797,272.2682800292969,414.7423400878906
2022-04-13,166.80160522460938,155.54100036621094,128.8292236328125,277.6352844238281,419.49261474609375
2022-04-14,161.7995147705078,151.7064971923828,125.691162109375,270.11572265625,414.2691650390625
2022-04-18,161.5841522216797,152.78500366210938,126.62989807128906,270.7817077636719,414.4394836425781
2022-04-19,163.86497497558594,158.11549377441406,128.94329833984375,275.3957214355469,421.12969970703125
2022-04-20,163.69854736328125,153.9980010986328,126.99042510986328,276.4189453125,420.8173828125
2022-04-21,162.90567016601562,148.29600524902344,123.79136657714844,271.0616760253906,414.5246887207031
2022-04-22,158.37338256835938,144.35000610351562,118.65481567382812,264.51702880859375,403.15045166015625
2022-04-25,159.44039916992188,146.07400512695312,122.06512451171875,270.9747619628906,405.4878234863281
2022-04-26,153.4888153076172,139.39100646972656,117.67739868164062,260.8393249511719,393.7445068359375
2022-04-27,153.26364135742188,138.16700744628906,113.35760498046875,273.387939453125,394.8516540527344
2022-04-28,160.18435668945312,144.59649658203125,117.55094909667969,279.5754699707031,404.82537841796875
2022-04-29,154.32086181640625,124.28150177001953,113.17411804199219,267.8858337402344,389.8647766113281
2022-05-02,154.6243133544922,124.5,115.6273422241211,274.59454345703125,392.2115478515625
2022-05-03,156.11219787597656,124.25350189208984,116.37218475341797,271.99798583984375,394.00946044921875
2022-05-04,162.51412963867188,125.92849731445312,121.2587890625,279.91326904296875,406.0082702636719
2022-05-05,153.45944213867188,116.40699768066406,115.55046844482422,267.7217712402344,391.5775451660156
2022-05-06,154.1848907470703,114.77249908447266,114.79769897460938,265.19268798828125,389.2402038574219
2022-05-09,149.06759643554688,108.78900146484375,111.5887222290039,255.3950653076172,376.7778625488281
2022-05-10,151.46937561035156,108.85900115966797,113.45726013183594,260.1443176269531,377.64837646484375
2022-05-11,143.61700439453125,105.37200164794922,112.67127227783203,251.5049591064453,371.6490173339844
2022-05-12,139.75454711914062,106.93049621582031,111.91899108886719,246.48548889160156,371.2610778808594
2022-05-13,144.2150115966797,113.05500030517578,115.09919738769531,252.05520629882812,380.1370849609375
2022-05-16,142.67591857910156,110.81050109863281,113.50687408447266,252.42202758789062,378.5947265625
2022-05-17,146.3031005859375,115.36849975585938,115.51824188232422,257.557373046875,386.38250732421875
2022-05-18,138.04881286621094,107.11250305175781,110.98223114013672,245.830810546875,370.80682373046875
2022-05-19,134.6470947265625,107.31900024414062,109.47915649414062,244.92135620117188,368.5357360839844
2022-05-20,134.8823699951172,107.59100341796875,108.0152587890625,244.3601837158203,368.6966552734375
2022-05-23,140.29373168945312,107.55699920654297,110.5741195678711,252.18756103515625,375.594970703125
2022-05-24,137.59783935546875,104.0999984741211,105.10133361816406,251.19093322753906,372.727783203125
2022-05-25,137.75466918945312,106.7750015258789,104.93769073486328,253.996826171875,376.02081298828125
2022-05-26,140.95053100585938,111.07749938964844,106.90889739990234,257.2670593261719,383.5342102050781
2022-05-27,146.6952362060547,115.14649963378906,111.39582824707031,264.3687744140625,392.9495849609375
2022-05-31,145.9109344482422,120.20950317382812,112.8294677734375,263.0432434082031,390.7448425292969
2022-06-01,145.78353881835938,121.68399810791016,112.95840454101562,263.5754089355469,387.584228515625
2022-06-02,148.2343292236328,125.51100158691406,116.6583251953125,265.66522216796875,394.9651794433594
2022-06-03,142.51904296875,122.3499984741211,113.60206604003906,261.2532653808594,388.4831848144531
2022-06-06,143.2641143798828,124.79000091552734,115.8628921508789,260.0245666503906,389.6660461425781
2022-06-07,145.78353881835938,123.0,116.18919372558594,263.6528015136719,393.40380859375
2022-06-08,145.04827880859375,121.18000030517578,116.23333740234375,261.6307067871094,389.12664794921875
2022-06-09,139.83294677734375,116.1500015258789,113.8941650390625,256.1930847167969,379.8721008300781
2022-06-10,134.43138122558594,109.6500015258789,110.25028991699219,244.77621459960938,368.85748291015625
2022-06-13,129.28469848632812,103.66999816894531,105.52037811279297,234.39456176757812,354.8526306152344
2022-06-14,130.14736938476562,102.30999755859375,105.84071350097656,236.55218505859375,353.7833557128906
2022-06-15,132.76483154296875,107.66999816894531,108.86473846435547,243.5861358642578,358.8270263671875
2022-06-16,127.50051879882812,103.66000366210938,105.16432189941406,237.0166015625,346.9512939453125
2022-06-17,128.97100830078125,106.22000122070312,106.26522064208984,239.60960388183594,347.69921875
2022-06-21,133.19619750976562,108.68000030517578,110.62965393066406,245.5018310546875,356.4520263671875
2022-06-22,132.68641662597656,108.94999694824219,110.57362365722656,244.9116668701172,355.8057861328125
2022-06-23,135.54898071289062,112.44000244140625,111.3219223022461,250.45562744140625,359.2936706542969
2022-06-24,138.87228393554688,116.45999908447266,117.0079345703125,259.0086364746094,370.71697998046875
2022-06-27,138.87228393554688,113.22000122070312,114.88398742675781,256.2899169921875,369.3009338378906
2022-06-28,134.7353057861328,107.4000015258789,111.08934783935547,248.1529083251953,361.75506591796875
2022-06-29,136.49005126953125,108.91999816894531,110.78585815429688,251.8102264404297,361.4604187011719
2022-06-30,134.0294952392578,106.20999908447266,108.0698013305664,248.4915313720703,358.5237731933594
2022-07-01,136.1959686279297,109.55999755859375,107.84615325927734,251.15225219726562,362.31573486328125
2022-07-05,138.77423095703125,113.5,112.33455657958984,254.3160400390625,363.00006103515625
2022-07-06,140.1074676513672,114.33000183105469,113.6328353881836,257.5670166015625,364.22601318359375
2022-07-07,143.46998596191406,116.33000183105469,117.80929565429688,259.68585205078125,369.6810302734375
2022-07-08,144.14637756347656,115.54000091552734,118.3751449584961,258.96990966796875,369.376953125
2022-07-11,142.01907348632812,111.75,114.728271484375,255.92218017578125,365.1573791503906
2022-07-12,142.98959350585938,109.22000122070312,113.08584594726562,245.43414306640625,361.92608642578125
2022-07-13,142.62692260742188,110.4000015258789,110.44070434570312,244.51499938964844,360.0253601074219
2022-07-14,145.54824829101562,110.62999725341797,109.4627914428711,245.830810546875,359.15106201171875
2022-07-15,147.21478271484375,113.55000305175781,110.86123657226562,248.38516235351562,366.0127258300781
2022-07-18,144.17578125,113.76000213623047,108.1362533569336,245.9952850341797,362.99053955078125
2022-07-19,148.0284423828125,118.20999908447266,112.87706756591797,251.10386657714844,372.7982482910156
2022-07-20,150.02830505371094,122.7699966430664,112.96633911132812,253.7548828125,375.17413330078125
2022-07-21,152.29286193847656,124.62999725341797,113.40274810791016,256.2414855957031,378.99462890625
2022-07-22,151.0576171875,122.41999816894531,107.01551818847656,251.9069366455078,375.4783020019531
2022-07-25,149.94007873535156,121.13999938964844,106.62871551513672,250.42662048339844,375.9344482421875
2022-07-26,148.6166534423828,114.80999755859375,104.15911102294922,243.72157287597656,371.4867248535156
2022-07-27,153.7045135498047,120.97000122070312,112.13320922851562,260.01483154296875,381.13299560546875
2022-07-28,154.2534942626953,122.27999877929688,113.28372192382812,267.4358825683594,385.9132385253906
2022-07-29,159.31195068359375,134.9499969482422,115.36649322509766,271.625244140625,391.5393981933594
2022-08-01,158.33160400390625,135.38999938964844,113.91847229003906,268.9838562011719,390.3798522949219
2022-08-02,156.8611297607422,134.16000366210938,114.18624877929688,265.8974609375,387.8045349121094
2022-08-03,162.86073303222656,139.52000427246094,117.11207580566406,273.2990417480469,393.8773193359375
2022-08-04,162.5469970703125,142.57000732421875,117.2211685180664,274.4407958984375,393.61114501953125
2022-08-05,162.32122802734375,140.8000030517578,116.50707244873047,273.724853515625,392.9458923339844
2022-08-08,161.85000610351562,139.41000366210938,116.33846282958984,271.21893310546875,392.48968505859375
2022-08-09,161.8991241455078,137.8300018310547,115.6739501953125,273.1346130371094,390.93115234375
2022-08-10,166.13995361328125,142.69000244140625,118.71878814697266,279.77191162109375,399.1423034667969
2022-08-11,165.40371704101562,140.63999938964844,117.86583709716797,277.70135498046875,399.1423034667969
2022-08-12,168.94757080078125,143.5500030517578,120.68256378173828,282.4326171875,405.8993835449219
2022-08-15,170.01760864257812,143.17999267578125,121.07927703857422,283.94195556640625,407.5719909667969
2022-08-16,169.86053466796875,144.77999877929688,120.702392578125,283.20660400390625,408.3702697753906
2022-08-17,171.3527069091797,142.10000610351562,118.57003784179688,282.46002197265625,405.47161865234375
2022-08-18,170.96002197265625,142.3000030517578,119.18494415283203,281.3450622558594,406.650146484375
2022-08-19,168.378173828125,138.22999572753906,116.24919891357422,277.4472351074219,401.185546875
2022-08-22,164.50054931640625,133.22000122070312,113.30354309082031,269.30267333984375,392.8319091796875
2022-08-23,164.16677856445312,133.6199951171875,112.92667388916016,268.0325927734375,391.88153076171875
2022-08-24,164.46127319335938,133.8000030517578,112.758056640625,267.40234375,393.135986328125
2022-08-25,166.91551208496094,137.27999877929688,115.69378662109375,270.3692932128906,398.6860656738281
2022-08-26,160.62290954589844,130.75,109.43551635742188,259.9365539550781,385.1909484863281
2022-08-29,158.4239501953125,129.7899932861328,108.52305603027344,257.1635437011719,382.6440124511719
2022-08-30,155.99917602539062,128.72999572753906,108.0469970703125,254.9722900390625,378.4433898925781
2022-08-31,154.34011840820312,126.7699966430664,107.33289337158203,253.5178680419922,375.56378173828125
2022-09-01,155.06655883789062,127.81999969482422,108.8404312133789,252.48040771484375,376.7422180175781
2022-09-02,152.95596313476562,127.51000213623047,106.96592712402344,248.27239990234375,372.7697448730469
2022-09-06,151.6994171142578,126.11000061035156,105.9344482421875,245.5478515625,371.3631896972656
2022-09-07,153.10325622558594,129.47999572753906,108.55280303955078,250.24069213867188,378.0346984863281
2022-09-08,151.63067626953125,129.82000732421875,107.4915771484375,250.65762329101562,380.5057067871094
2022-09-09,154.4873809814453,133.27000427246094,109.74297332763672,256.4169616699219,386.4169616699219
2022-09-12,160.43638610839844,136.4499969482422,109.95124053955078,258.54034423828125,390.5699768066406
2022-09-13,151.02206420898438,126.81999969482422,103.4648666381836,244.32618713378906,373.5870666503906
2022-09-14,152.4651336669922,128.5500030517578,104.13929748535156,244.54917907714844,375.0125427246094
2022-09-15,149.5789337158203,126.27999877929688,102.06642150878906,237.91722106933594,370.75494384765625
2022-09-16,147.93959045410156,123.52999877929688,101.95731353759766,237.2966766357422,367.9264831542969
2022-09-19,151.65036010742188,124.66000366210938,102.22510528564453,237.08335876464844,370.77972412109375
2022-09-20,154.02598571777344,122.19000244140625,100.31092834472656,235.07635498046875,366.52374267578125
2022-09-21,150.90423583984375,118.54000091552734,98.46617126464844,231.68276977539062,360.13018798828125
2022-09-22,149.9422149658203,117.30999755859375,99.31912231445312,233.6510467529297,357.1051330566406
2022-09-23,147.67449951171875,113.77999877929688,97.93061065673828,230.68408203125,351.1219482421875
2022-09-26,148.00831604003906,115.1500015258789,97.36526489257812,230.22842407226562,347.6484069824219
2022-09-27,148.98008728027344,114.41000366210938,96.70077514648438,229.2200164794922,346.7608947753906
2022-09-28,147.09532165527344,118.01000213623047,99.2298812866211,233.73831176757812,353.5839538574219
2022-09-29,139.8701171875,114.80000305175781,96.62142181396484,230.27688598632812,346.1978759765625
2022-09-30,135.66848754882812,113.0,94.86593627929688,225.81675720214844,340.844482421875
2022-10-03,139.8406982421875,115.87999725341797,97.8314208984375,233.4183349609375,349.84326171875
2022-10-04,143.42384338378906,121.08999633789062,100.80683135986328,241.310791015625,360.68359375
2022-10-05,143.71835327148438,120.94999694824219,100.59854125976562,241.62100219726562,359.8439636230469
2022-10-06,142.7660675048828,120.30000305175781,100.58863067626953,239.28433227539062,356.1318664550781
2022-10-07,137.52391052246094,114.55999755859375,97.87109375,227.11602783203125,346.1978759765625
2022-10-10,137.84783935546875,113.66999816894531,97.05782318115234,222.27777099609375,343.55462646484375
2022-10-11,136.43423461914062,112.20999908447266,96.38339233398438,218.55459594726562,341.37884521484375
2022-10-12,135.8059539794922,112.9000015258789,96.7602767944336,218.8842315673828,340.25286865234375
2022-10-13,140.37078857421875,112.52999877929688,98.24797058105469,227.11602783203125,349.2324523925781
2022-10-14,135.84523010253906,106.9000015258789,95.76847839355469,221.60879516601562,341.2738952636719
2022-10-17,139.80140686035156,113.79000091552734,99.15052795410156,230.30596923828125,350.0436096191406
2022-10-18,141.1168975830078,116.36000061035156,99.94396209716797,231.2464599609375,354.15643310546875
2022-10-19,141.22486877441406,115.06999969482422,98.81331634521484,229.2878875732422,351.6467590332031
2022-10-20,140.76345825195312,115.25,99.15052795410156,228.96792602539062,348.69805908203125
2022-10-21,144.57240295410156,119.31999969482422,100.30101013183594,234.75636291503906,357.1719970703125
2022-10-24,146.71243286132812,119.81999969482422,101.67961120605469,239.7303466796875,361.5424499511719
2022-10-25,149.54954528808594,120.5999984741211,103.62355041503906,243.03662109375,367.3158264160156
2022-10-26,146.61428833007812,115.66000366210938,94.15184020996094,224.28482055664062,364.5484313964844
2022-10-27,142.14764404296875,110.95999908447266,91.46405029296875,219.85382080078125,362.6017150878906
2022-10-28,152.88723754882812,103.41000366210938,95.50068664550781,228.6964569091797,371.2283020019531
2022-10-31,150.53121948242188,102.44000244140625,93.73528289794922,225.07020568847656,368.5467834472656
2022-11-01,147.89047241210938,96.79000091552734,89.7283935546875,221.2306365966797,366.93402099609375
2022-11-02,142.37342834472656,92.12000274658203,86.25708770751953,213.4060821533203,357.7254638671875
2022-11-03,136.33609008789062,89.30000305175781,82.74610137939453,207.73399353027344,354.0419921875
2022-11-04,136.07058715820312,90.9800033569336,85.87028503417969,214.65682983398438,359.1377258300781
2022-11-07,136.6015625,90.52999877929688,87.76461791992188,220.93975830078125,362.57305908203125
2022-11-08,137.17189025878906,89.9800033569336,88.1712646484375,221.9093475341797,364.529296875
2022-11-09,132.6191864013672,86.13999938964844,86.60421752929688,217.68194580078125,357.0193176269531
2022-11-10,144.41888427734375,96.62999725341797,93.16995239257812,235.5902099609375,376.63897705078125
2022-11-11,147.20164489746094,100.79000091552734,95.61970520019531,239.5946044921875,380.2843017578125
2022-11-14,145.80535888671875,98.48999786376953,94.91551971435547,234.2037353515625,377.04931640625
2022-11-15,147.5360107421875,98.94000244140625,97.63306427001953,234.6109619140625,380.2651062011719
2022-11-16,146.30682373046875,97.12000274658203,98.03970336914062,235.0387725830078,377.36419677734375
2022-11-17,148.2046356201172,94.8499984741211,97.5537338256836,234.9901123046875,376.2095642089844
2022-11-18,148.76513671875,94.13999938964844,96.63134002685547,234.54290771484375,377.9176940917969
2022-11-21,145.53985595703125,92.45999908447266,94.81633758544922,235.34988403320312,376.54351806640625
2022-11-22,147.67364501953125,93.19999694824219,96.25444793701172,238.2473907470703,381.6106872558594
2022-11-23,148.548828125,94.12999725341797,97.65290069580078,240.72683715820312,384.01544189453125
2022-11-25,145.63821411132812,93.41000366210938,96.66109466552734,240.6393280029297,383.92950439453125
2022-11-28,141.8131103515625,93.94999694824219,95.26265716552734,235.06793212890625,377.80316162109375
2022-11-29,138.81402587890625,92.41999816894531,94.40969848632812,233.677490234375,377.1542663574219
2022-11-30,145.55953979492188,96.54000091552734,100.16216278076172,248.07754516601562,389.0348815917969
2022-12-01,145.8348388671875,95.5,100.16216278076172,247.6400146484375,388.7485656738281
2022-12-02,145.34320068359375,94.12999725341797,99.61666107177734,247.96087646484375,388.30010986328125
2022-12-05,144.1829376220703,91.01000213623047,98.66453552246094,243.2742919921875,381.31488037109375
2022-12-06,140.52499389648438,88.25,96.1850357055664,238.33489990234375,375.81829833984375
2022-12-07,138.58786010742188,88.45999908447266,94.1617660522461,237.60565185546875,375.17889404296875
2022-12-08,140.26934814453125,90.3499984741211,92.94182586669922,240.5518035888672,378.1180725097656
2022-12-09,139.78749084472656,89.08999633789062,92.06905364990234,238.6265869140625,375.2934875488281
2022-12-12,142.07861328125,90.55000305175781,92.54510498046875,245.52035522460938,380.7041015625
2022-12-13,143.04225158691406,92.48999786376953,94.84609985351562,249.8082733154297,383.5860290527344
2022-12-14,140.8199920654297,91.58000183105469,94.29068756103516,250.09996032714844,381.1335144042969
2022-12-15,134.22195434570312,88.44999694824219,90.11520385742188,242.11721801757812,371.8104248046875
2022-12-16,132.26516723632812,87.86000061035156,89.52011108398438,237.91683959960938,367.4207458496094
2022-12-19,130.160888671875,84.91999816894531,87.71504211425781,233.794189453125,364.3050537109375
2022-12-20,130.09207153320312,85.19000244140625,88.290283203125,235.10684204101562,364.8036804199219
2022-12-21,133.18948364257812,86.7699966430664,88.84569549560547,237.6639862060547,370.2583312988281
2022-12-22,130.02322387695312,83.79000091552734,87.04061889648438,231.5967559814453,364.9762268066406
2022-12-23,129.65940856933594,85.25,88.4985580444336,232.1217803955078,367.0756530761719
2022-12-27,127.85993194580078,83.04000091552734,86.67364501953125,230.4008026123047,365.6280212402344
2022-12-28,123.93651580810547,81.81999969482422,85.31487274169922,228.0380401611328,361.08416748046875
2022-12-29,127.4469223022461,84.18000030517578,87.72494506835938,234.33868408203125,367.5836486816406
2022-12-30,127.76161193847656,84.0,87.50675964355469,233.18161010742188,366.6155090332031
2023-01-03,122.98271179199219,85.81999969482422,88.38946533203125,232.94827270507812,365.0720520019531
2023-01-04,124.2511978149414,85.13999938964844,87.35798645019531,222.75836181640625,367.8905334472656
2023-01-05,122.93354797363281,83.12000274658203,85.49339294433594,216.1562957763672,363.691650390625
2023-01-06,127.45677947998047,86.08000183105469,86.6240463256836,218.7037811279297,372.0318298339844
2023-01-09,127.97794342041016,87.36000061035156,87.29847717285156,220.8331756591797,371.82098388671875
2023-01-10,128.54824829101562,89.87000274658203,87.69519805908203,222.51528930664062,374.42852783203125
2023-01-11,131.26219177246094,95.08999633789062,90.769775390625,229.2437286376953,379.1641540527344
2023-01-12,131.18353271484375,95.2699966430664,90.38298034667969,231.9078826904297,380.54461669921875
2023-01-13,132.51100158691406,98.12000274658203,91.36487579345703,232.60792541503906,382.0209655761719
2023-01-17,133.67129516601562,96.05000305175781,90.54167938232422,233.6969451904297,381.32110595703125
2023-01-18,132.9534912109375,95.45999908447266,90.3730697631836,229.2826385498047,375.3008117675781
2023-01-19,133.01248168945312,93.68000030517578,92.2872543334961,225.51004028320312,372.5686950683594
2023-01-20,135.569091796875,97.25,97.21650695800781,233.57054138183594,379.5092468261719
2023-01-23,138.75502014160156,97.5199966430664,98.97200775146484,235.86517333984375,384.0628967285156
2023-01-24,140.1513214111328,96.31999969482422,96.89913177490234,235.34017944335938,383.6506652832031
2023-01-25,139.4925079345703,97.18000030517578,94.43946075439453,233.94972229003906,383.7944030761719
2023-01-26,141.55747985839844,99.22000122070312,96.72061157226562,241.13516235351562,388.012451171875
2023-01-27,143.49456787109375,102.23999786376953,98.55545806884766,241.29075622558594,388.9040222167969
2023-01-30,140.6134796142578,100.55000305175781,96.1453628540039,235.9916229248047,384.02447509765625
2023-01-31,141.88192749023438,103.12999725341797,98.02978515625,240.95045471191406,389.6709899902344
2023-02-01,143.0029296875,105.1500015258789,99.60675811767578,245.7537384033203,393.812255859375
2023-02-02,148.302978515625,112.91000366210938,106.85681915283203,257.27569580078125,399.54498291015625
2023-02-03,151.92152404785156,103.38999938964844,103.92108917236328,251.1986846923828,395.2981872558594
2023-02-06,149.1977996826172,102.18000030517578,102.05650329589844,249.66241455078125,392.88238525390625
2023-02-07,152.06903076171875,102.11000061035156,106.75764465332031,260.1537780761719,398.0207824707031
2023-02-08,149.38461303710938,100.05000305175781,98.55545806884766,259.34674072265625,393.6685485839844
2023-02-09,148.35215759277344,98.23999786376953,94.23118591308594,256.3227844238281,390.25567626953125
2023-02-10,148.71649169921875,97.61000061035156,93.79479217529297,255.81723022460938,391.16644287109375
2023-02-13,151.51341247558594,99.54000091552734,93.83445739746094,263.8096923828125,395.75830078125
2023-02-14,150.87326049804688,99.69999694824219,93.90389251708984,264.63616943359375,395.5762023925781
2023-02-15,152.9709014892578,101.16000366210938,96.1453628540039,262.5209655761719,396.8608093261719
2023-02-16,151.3755340576172,98.1500015258789,94.72708892822266,255.5319366455078,391.396484375
2023-02-17,150.23316955566406,97.19999694824219,93.57659149169922,251.54518127441406,390.418701171875
2023-02-21,146.22496032714844,94.58000183105469,91.0375747680664,246.291259765625,382.5865173339844
2023-02-22,146.64840698242188,95.79000091552734,90.89872741699219,245.1605682373047,382.059326171875
2023-02-23,147.1309814453125,95.81999969482422,90.14495086669922,248.33827209472656,384.0916442871094
2023-02-24,144.4818572998047,93.5,88.39938354492188,242.92837524414062,379.98858642578125
2023-02-27,145.6734619140625,93.76000213623047,89.1333236694336,243.84463500976562,381.2828063964844
2023-02-28,145.1711883544922,94.2300033569336,89.32176208496094,243.12332153320312,379.87359619140625
2023-03-01,143.1030731201172,92.16999816894531,89.61930084228516,240.05284118652344,378.41644287109375
2023-03-02,143.69398498535156,92.12999725341797,91.245849609375,244.77066040039062,381.3594970703125
2023-03-03,148.73622131347656,94.9000015258789,92.88232421875,248.84507751464844,387.4755859375
2023-03-06,151.4936981201172,93.75,94.3501968383789,250.38523864746094,387.7440490722656
2023-03-07,149.2975616455078,93.55000305175781,93.09061431884766,247.73391723632812,381.8004455566406
2023-03-08,150.5482940673828,93.91999816894531,93.47740173339844,247.2952423095703,382.4235534667969
2023-03-09,148.30291748046875,92.25,91.56322479248047,245.95013427734375,375.3678894042969
2023-03-10,146.24462890625,90.7300033569336,89.8870849609375,242.31427001953125,369.9516296386719
2023-03-13,148.18470764160156,92.43000030517578,90.3631591796875,247.50970458984375,369.42425537109375
2023-03-14,150.2725372314453,94.87999725341797,93.19969940185547,254.20635986328125,375.5309143066406
2023-03-15,150.66644287109375,96.19999694824219,95.3221664428711,258.7388000488281,373.1822204589844
2023-03-16,153.48301696777344,100.04000091552734,99.49764251708984,269.2272033691406,379.7297668457031
2023-03-17,152.64593505859375,98.94999694824219,100.78699493408203,272.3757629394531,375.28973388671875
2023-03-20,155.00946044921875,97.70999908447266,100.39027404785156,265.3575134277344,378.8983154296875
2023-03-21,156.86090087890625,100.61000061035156,104.05995178222656,266.8683166503906,383.8734436035156
2023-03-22,155.43296813964844,98.69999694824219,102.52265930175781,265.4159240722656,377.3297424316406
2023-03-23,156.51625061035156,98.70999908447266,104.73438262939453,270.6503601074219,378.34991455078125
2023-03-24,157.81619262695312,98.12999725341797,104.57569122314453,273.4869689941406,380.8326110839844
2023-03-27,155.87612915039062,98.04000091552734,101.62010955810547,269.4027099609375,381.5447082519531
2023-03-28,155.25567626953125,97.23999786376953,100.20182800292969,268.28173828125,380.688232421875
2023-03-29,158.3282928466797,100.25,100.55888366699219,273.4284362792969,386.22149658203125
2023-03-30,159.89413452148438,102.0,100.06297302246094,276.8790588378906,388.4829406738281
2023-03-31,162.39553833007812,103.29000091552734,102.87970733642578,281.021728515625,393.9585266113281
2023-04-03,163.6462860107422,102.41000366210938,103.50453186035156,279.97882080078125,395.4596252441406
2023-04-04,163.1144561767578,103.94999694824219,103.86158752441406,279.9300537109375,393.2655944824219
2023-04-05,161.27288818359375,101.0999984741211,103.61363983154297,277.1617431640625,392.2359313964844
2023-04-06,162.15919494628906,102.05999755859375,107.53125,284.2384338378906,393.76605224609375
2023-04-10,159.56918334960938,102.16999816894531,105.5675048828125,282.0842590332031,394.1701354980469
2023-04-11,158.35784912109375,99.91999816894531,104.48641204833984,275.6898498535156,394.2759704589844
2023-04-12,157.66847229003906,97.83000183105469,103.78224182128906,276.3332214355469,392.6689758300781
2023-04-13,163.0455322265625,102.4000015258789,106.54936981201172,282.52288818359375,397.88458251953125
2023-04-14,162.70086669921875,102.51000213623047,107.97757720947266,278.9163513183594,396.91265869140625
2023-04-17,162.72055053710938,102.73999786376953,105.10133361816406,281.5091857910156,398.3369445800781
2023-04-18,163.9417266845703,102.30000305175781,103.64338684082031,281.0899963378906,398.5967712402344
2023-04-19,165.08412170410156,104.30000305175781,103.32601165771484,281.16796875,398.5293884277344
2023-04-20,164.11898803710938,103.80999755859375,104.42691040039062,278.8870849609375,396.3546142578125
2023-04-21,162.51376342773438,106.95999908447266,104.54592895507812,278.5459289550781,396.6625061035156
2023-04-24,162.81906127929688,106.20999908447266,105.10133361816406,274.6566162109375,397.0763244628906
2023-04-25,161.28274536132812,102.56999969482422,102.99872589111328,268.46697998046875,390.773193359375
2023-04-26,161.27288818359375,104.9800033569336,102.85987091064453,287.9132995605469,389.1180114746094
2023-04-27,165.85226440429688,109.81999969482422,106.70805358886719,297.134521484375,396.8646545410156
2023-04-28,167.1029815673828,105.44999694824219,106.4601058959961,299.5031433105469,400.25189208984375
2023-05-01,167.0143280029297,102.05000305175781,106.32125091552734,297.8460388183594,399.84771728515625
2023-05-02,165.98028564453125,103.62999725341797,104.4566650390625,297.6998596191406,395.353759765625
2023-05-03,164.9068603515625,103.6500015258789,104.54592895507812,296.7153625488281,392.64007568359375
2023-05-04,163.27203369140625,104.0,103.83183288574219,297.6998596191406,389.85906982421875
2023-05-05,170.93389892578125,105.66000366210938,104.7046127319336,302.8075866699219,397.0763244628906
2023-05-08,170.86492919921875,105.83000183105469,106.88658905029297,300.8580627441406,397.1821594238281
2023-05-09,169.1612548828125,106.62000274658203,106.47001647949219,299.2497253417969,395.4403991699219
2023-05-10,170.9240264892578,110.19000244140625,110.8339614868164,304.42559814453125,397.2879943847656
2023-05-11,171.11114501953125,112.18000030517578,115.61444854736328,302.2811279296875,396.5951843261719
2023-05-12,170.18417358398438,110.26000213623047,116.54674530029297,301.169921875,396.0755310058594
2023-05-15,169.69107055664062,111.19999694824219,115.554931640625,301.6475830078125,397.4420471191406
2023-05-16,169.69107055664062,113.4000015258789,118.53034973144531,303.8700256347656,394.7860412597656
2023-05-17,170.30252075195312,115.5,119.84944152832031,306.7420654296875,399.57830810546875
2023-05-18,172.62986755371094,118.1500015258789,121.8231430053711,311.1575622558594,403.4275817871094
2023-05-19,172.73837280273438,116.25,121.75370025634766,310.98175048828125,402.8404846191406
2023-05-22,171.79159545898438,115.01000213623047,124.02493286132812,313.756103515625,403.004150390625
2023-05-23,169.1881103515625,114.98999786376953,121.55532836914062,307.97296142578125,398.48126220703125
2023-05-24,169.46424865722656,116.75,119.90894317626953,306.5955505371094,395.5943603515625
2023-05-25,170.59837341308594,115.0,122.46780395507812,318.38653564453125,399.0201416015625
2023-05-26,173.00457763671875,120.11000061035156,123.58853149414062,325.1954040527344,404.187744140625
2023-05-30,174.84877014160156,121.66000366210938,122.65624237060547,323.5542297363281,404.3416442871094
2023-05-31,174.7994384765625,120.58000183105469,121.86280822753906,320.7994689941406,402.09954833984375
2023-06-01,177.6001739501953,122.7699966430664,122.70584106445312,324.892578125,405.9198913574219
2023-06-02,178.44830322265625,124.25,123.6480484008789,327.64739990234375,411.7899475097656
2023-06-05,177.0972442626953,125.30000305175781,124.9770736694336,328.1749267578125,411.0008544921875
2023-06-06,176.73236083984375,126.61000061035156,126.26641082763672,325.9671630859375,411.8958435058594
2023-06-07,175.361572265625,121.2300033569336,121.4958267211914,315.9052734375,410.47161865234375
2023-06-08,178.07354736328125,124.25,121.13877868652344,317.7418212890625,412.954345703125
2023-06-09,178.4581756591797,123.43000030517578,121.2280502319336,319.23638916015625,413.6953125
2023-06-12,181.24903869628906,126.56999969482422,122.62650299072266,324.179443359375,417.44830322265625
2023-06-13,180.77566528320312,126.66000366210938,122.81493377685547,326.5631103515625,420.2005310058594
2023-06-14,181.4068145751953,126.41999816894531,122.65624237060547,329.5425720214844,420.7008972167969
2023-06-15,183.43832397460938,127.11000061035156,124.0645980834961,340.0538330078125,425.9166564941406
2023-06-16,182.36341857910156,125.48999786376953,122.51739501953125,334.4172058105469,424.4658508300781
2023-06-20,182.45213317871094,125.77999877929688,122.09090423583984,330.2361755371094,422.263671875
2023-06-21,181.41668701171875,124.83000183105469,119.56182098388672,325.84991455078125,420.1000671386719
2023-06-22,184.41464233398438,130.14999389648438,122.14051818847656,331.85772705078125,421.61651611328125
2023-06-23,184.09906005859375,129.3300018310547,121.3371353149414,327.2762145996094,418.42913818359375
2023-06-26,182.70858764648438,127.33000183105469,117.36992645263672,321.0046081542969,416.7195129394531
2023-06-27,185.45999145507812,129.17999267578125,117.36002349853516,326.8365783691406,421.2880859375
2023-06-28,186.633544921875,129.0399932861328,119.19486236572266,328.0870056152344,421.50067138671875
2023-06-29,186.96884155273438,127.9000015258789,118.12371063232422,327.30548095703125,423.16192626953125
2023-06-30,191.28829956054688,130.36000061035156,118.71878814697266,332.66864013671875,428.1555480957031
2023-07-03,189.7991943359375,130.22000122070312,118.91715240478516,330.17755126953125,428.64813232421875
2023-07-05,188.68475341796875,130.3800048828125,120.75198364257812,330.3337707519531,428.0106201171875
2023-07-06,189.1581573486328,128.36000061035156,119.12543487548828,333.3817138671875,424.6590270996094
2023-07-07,188.04376220703125,129.77999877929688,118.50060272216797,329.42535400390625,423.5868835449219
2023-07-10,186.00241088867188,127.12999725341797,115.49542236328125,324.1598815917969,424.6590270996094
2023-07-11,185.47972106933594,128.77999877929688,116.17977905273438,324.7851257324219,427.3634948730469
2023-07-12,187.14637756347656,130.8000030517578,117.95510864257812,329.40582275390625,430.8020324707031
2023-07-13,187.90573120117188,134.3000030517578,123.51911926269531,334.7395935058594,434.22125244140625
2023-07-14,188.0536651611328,134.67999267578125,124.39190673828125,337.2599182128906,433.9508361816406
2023-07-17,191.3080291748047,133.55999755859375,123.62821197509766,337.73870849609375,435.4576416015625
2023-07-18,191.0515899658203,132.8300018310547,122.74551391601562,351.1805114746094,438.6932678222656
2023-07-19,192.4026641845703,135.36000061035156,121.0296859741211,346.8724670410156,439.6688232421875
2023-07-20,190.4599151611328,129.9600067138672,118.22289276123047,338.8523254394531,436.7518310546875
2023-07-21,189.28639221191406,130.0,119.03617095947266,335.82391357421875,436.7518310546875
2023-07-24,190.08517456054688,128.8000030517578,120.53379821777344,337.1329650878906,438.70294189453125
2023-07-25,190.94313049316406,129.1300048828125,121.20821380615234,342.8672790527344,439.90069580078125
2023-07-26,191.8109893798828,128.14999389648438,128.2103271484375,329.9626159667969,439.9682312011719
2023-07-27,190.5486297607422,128.25,128.3392791748047,323.07562255859375,437.0512390136719
2023-07-28,193.12258911132812,132.2100067138672,131.4932098388672,330.5487365722656,441.3301696777344
2023-07-31,193.73399353027344,133.67999267578125,131.632080078125,328.1553649902344,442.1705322265625
2023-08-01,192.90560913085938,131.69000244140625,130.47164916992188,328.565673828125,440.9051208496094
2023-08-02,189.91749572753906,128.2100067138672,127.32765197753906,319.9300231933594,434.7718505859375
2023-08-03,188.52699279785156,128.91000366210938,127.39707946777344,319.10943603515625,433.5258483886719
2023-08-04,179.47390747070312,139.57000732421875,127.05985260009766,320.20355224609375,431.5650939941406
2023-08-07,176.37733459472656,142.22000122070312,130.45181274414062,322.4797058105469,435.33203125
2023-08-08,177.31417846679688,139.94000244140625,130.3228759765625,318.5135498046875,433.43890380859375
2023-08-09,175.72645568847656,137.85000610351562,128.59713745117188,314.78179931640625,430.5412292480469
2023-08-10,175.50949096679688,138.55999755859375,128.62692260742188,315.46563720703125,430.69580078125
2023-08-11,175.56875610351562,138.41000366210938,128.49795532226562,313.5900573730469,430.4446716308594
2023-08-14,177.21788024902344,140.57000732421875,130.25344848632812,316.54998779296875,432.82073974609375
2023-08-15,175.23300170898438,137.6699981689453,128.71617126464844,314.4203796386719,427.77886962890625
2023-08-16,174.364013671875,135.07000732421875,127.64501190185547,313.65679931640625,424.6397705078125
2023-08-17,171.82611083984375,133.97999572753906,128.85501098632812,310.2109375,421.40399169921875
2023-08-18,172.30999755859375,133.22000122070312,126.41517639160156,309.8193664550781,421.6068420410156
2023-08-21,173.6431121826172,134.67999267578125,127.31771850585938,315.10565185546875,424.3499450683594
2023-08-22,175.01573181152344,134.25,128.02191162109375,315.67340087890625,423.2005920410156
2023-08-23,178.85716247558594,135.52000427246094,131.284912109375,320.1178894042969,427.9140319824219
2023-08-24,174.17636108398438,131.83999633789062,128.71617126464844,313.23583984375,421.98358154296875
2023-08-25,176.37850952148438,133.25999450683594,128.81533813476562,316.18255615234375,424.95849609375
2023-08-28,177.9387969970703,133.13999938964844,129.9360809326172,316.8873291015625,427.6532897949219
2023-08-29,181.8196563720703,134.91000366210938,133.46690368652344,321.49822998046875,433.8348693847656
2023-08-30,185.30557250976562,135.07000732421875,134.76617431640625,321.87030029296875,435.62176513671875
2023-08-31,185.52279663085938,138.00999450683594,135.0537872314453,320.8619079589844,434.98431396484375
2023-09-01,187.0929718017578,138.1199951171875,134.54795837402344,321.74298095703125,435.7956848144531
2023-09-05,187.32994079589844,137.27000427246094,134.6570587158203,326.530029296875,433.912109375
2023-09-06,180.62477111816406,135.36000061035156,133.35777282714844,325.8741455078125,430.99517822265625
2023-09-07,175.34161376953125,137.85000610351562,134.1512451171875,322.9666748046875,429.6719665527344
2023-09-08,175.95388793945312,138.22999572753906,135.26205444335938,327.2348937988281,430.319091796875
2023-09-11,177.11912536621094,143.10000610351562,135.79762268066406,330.8276672363281,433.1491394042969
2023-09-12,174.0973663330078,141.22999572753906,134.23057556152344,324.78753662109375,430.7730712890625
2023-09-13,172.0334930419922,144.85000610351562,135.58937072753906,328.9872741699219,431.27532958984375
2023-09-14,173.54437255859375,144.72000122070312,136.9679718017578,331.5716857910156,434.9939270019531
2023-09-15,172.8234405517578,140.38999938964844,136.273681640625,323.2701721191406,429.7530212402344
2023-09-18,175.7465057373047,139.97999572753906,137.0770721435547,322.1345520019531,430.0050048828125
2023-09-19,176.83277893066406,137.6300048828125,136.90843200683594,321.7331848144531,429.1132507324219
2023-09-20,173.29750061035156,135.2899932861328,132.64369201660156,314.01898193359375,425.1683044433594
2023-09-21,171.75698852539062,129.3300018310547,129.37075805664062,312.80511474609375,418.1409606933594
2023-09-22,172.606201171875,129.1199951171875,129.18231201171875,310.3381652832031,417.2007751464844
2023-09-25,173.88011169433594,131.27000427246094,130.03524780273438,310.85699462890625,418.9551696777344
2023-09-26,169.8115692138672,125.9800033569336,127.5160903930664,305.5706787109375,412.8001708984375
2023-09-27,168.3007049560547,125.9800033569336,129.4699249267578,306.20697021484375,412.9649963378906
2023-09-28,168.5574493408203,125.9800033569336,131.2254180908203,307.0390930175781,415.359130859375
2023-09-29,169.07098388671875,127.12000274658203,129.7873077392578,309.10467529296875,414.3510437011719
2023-10-02,171.5792236328125,129.4600067138672,133.07015991210938,315.0273132324219,414.1862487792969
2023-10-03,170.24610900878906,124.72000122070312,131.3444366455078,306.7943420410156,408.64190673828125
2023-10-04,171.49034118652344,127.0,134.1314239501953,312.24713134765625,411.61767578125
2023-10-05,172.72474670410156,125.95999908447266,133.9628143310547,312.638671875,411.4625549316406
2023-10-06,175.2725067138672,127.95999908447266,136.4522247314453,320.3724365234375,416.3478088378906
2023-10-09,176.7537841796875,128.25999450683594,137.28533935546875,322.8785400390625,419.0133361816406
2023-10-10,176.1612548828125,129.47999572753906,136.9282684326172,321.4786376953125,421.1942443847656
2023-10-11,177.55364990234375,131.8300018310547,139.3978729248047,325.423828125,422.9195251464844
2023-10-12,178.45225524902344,132.3300018310547,137.83082580566406,324.19036865234375,420.3412170410156
2023-10-13,176.61550903320312,129.7899932861328,136.2340087890625,320.8325500488281,418.24755859375
2023-10-16,176.48715209960938,132.5500030517578,137.9597930908203,325.6391906738281,422.64813232421875
2023-10-17,174.93675231933594,131.47000122070312,138.57469177246094,325.0714416503906,422.6287536621094
2023-10-18,173.6431121826172,128.1300048828125,136.82911682128906,323.16241455078125,416.9972229003906
2023-10-19,173.2678680419922,128.39999389648438,136.62083435058594,324.34698486328125,413.3332214355469
2023-10-20,170.72007751464844,125.16999816894531,134.4884796142578,319.79486083984375,408.25421142578125
2023-10-23,170.8385772705078,126.55999755859375,135.38107299804688,322.3890380859375,407.546630859375
2023-10-24,171.27310180664062,128.55999755859375,137.672119140625,323.5736389160156,410.6192321777344
2023-10-25,168.9623260498047,121.38999938964844,124.5803451538086,333.500244140625,404.72601318359375
2023-10-26,164.804931640625,119.56999969482422,121.27763366699219,320.9892272949219,399.87957763671875
2023-10-27,166.1183319091797,127.73999786376953,121.16854858398438,322.8688049316406,398.0669860839844
2023-10-30,168.1624298095703,132.7100067138672,123.43978118896484,330.2108459472656,402.82623291015625
2023-10-31,168.63645935058594,133.08999633789062,123.06289672851562,330.9940490722656,405.35595703125
2023-11-01,171.79647827148438,137.0,125.41345977783203,338.78662109375,409.6790771484375
2023-11-02,175.35150146484375,138.07000732421875,126.44493103027344,340.9891662597656,417.5303649902344
2023-11-03,174.44297790527344,138.60000610351562,128.041748046875,345.3748779296875,421.3396301269531
2023-11-06,176.9907684326172,139.74000549316406,129.18231201171875,349.0263671875,422.30889892578125
2023-11-07,179.5484161376953,142.7100067138672,129.8964080810547,352.9422912597656,423.5108337402344
2023-11-08,180.60504150390625,142.0800018310547,130.75927734375,355.5559997558594,423.82098388671875
2023-11-09,180.1310272216797,140.60000610351562,129.1724090576172,353.0988464355469,420.5157470703125
2023-11-10,184.31369018554688,143.55999755859375,131.50311279296875,361.8899230957031,427.07781982421875
2023-11-13,182.73158264160156,142.58999633789062,131.00721740722656,358.9627990722656,426.6706848144531
2023-11-14,185.342041015625,145.8000030517578,132.524658203125,362.4772033691406,434.9483947753906
2023-11-15,185.90567016601562,143.1999969482422,133.51649475097656,362.6244201660156,435.8691711425781
2023-11-16,187.58663940429688,142.8300018310547,135.80755615234375,369.0005187988281,436.4023132324219
2023-11-17,187.56686401367188,145.17999267578125,134.20083618164062,362.8009948730469,436.94512939453125
2023-11-20,189.30714416503906,146.1300048828125,135.1331329345703,370.2463073730469,440.3085632324219
2023-11-21,188.50621032714844,143.89999389648438,135.84722900390625,365.9595642089844,439.3489074707031
2023-11-22,189.16871643066406,146.7100067138672,137.35476684570312,370.6484375,441.0451965332031
2023-11-24,187.8437042236328,146.74000549316406,135.56951904296875,370.2364501953125,441.3166198730469
2023-11-27,187.6657257080078,147.72999572753906,135.2918243408203,371.3939514160156,440.5218200683594
2023-11-28,188.2688751220703,147.02999877929688,136.07533264160156,375.4060363769531,440.9579772949219
2023-11-29,187.25042724609375,146.32000732421875,133.8834686279297,371.6294250488281,440.6477966308594
2023-11-30,187.823974609375,146.08999633789062,131.44361877441406,371.68829345703125,442.3828125
2023-12-01,189.09950256347656,147.02999877929688,130.77911376953125,367.37213134765625,444.9998779296875
2023-12-04,187.30975341796875,144.83999633789062,128.2103271484375,362.1044921875,442.6639404296875
2023-12-05,191.25511169433594,146.8800048828125,129.91624450683594,365.4200439453125,442.5766906738281
2023-12-06,190.16741943359375,144.52000427246094,128.95419311523438,361.7709655761719,440.7932434082031
2023-12-07,192.09561157226562,146.8800048828125,135.80755615234375,363.8799743652344,444.1566162109375
2023-12-08,193.5194854736328,147.4199981689453,133.8834686279297,367.0975036621094,446.066162109375
2023-12-11,191.0177764892578,145.88999938964844,132.1973876953125,364.2232666015625,447.8011474609375
2023-12-12,192.53067016601562,147.47999572753906,131.4337158203125,367.2445983886719,449.84637451171875
2023-12-13,195.7443084716797,148.83999633789062,131.48329162597656,367.23480224609375,456.0498046875
2023-12-14,195.89260864257812,147.4199981689453,130.85842895507812,358.9556579589844,457.5134582519531
2023-12-15,195.35865783691406,149.97000122070312,131.5130615234375,363.6641845703125,456.7601013183594
2023-12-18,193.69749450683594,154.07000732421875,134.6868133544922,365.5475769042969,459.3294372558594
2023-12-19,194.7357177734375,153.7899932861328,135.52984619140625,366.1459655761719,462.1225891113281
2023-12-20,192.64930725097656,152.1199951171875,137.20599365234375,363.5562438964844,455.7187805175781
2023-12-21,192.50099182128906,153.83999633789062,139.26893615722656,366.420654296875,460.0398864746094
2023-12-22,191.43309020996094,153.4199981689453,140.33016967773438,367.4407958984375,460.9643859863281
2023-12-26,190.88925170898438,153.41000366210938,140.35992431640625,367.519287109375,462.9108581542969
2023-12-27,190.98809814453125,153.33999633789062,139.21934509277344,366.9405212402344,463.747802734375
2023-12-28,191.41334533691406,153.3800048828125,139.08050537109375,368.12744140625,463.9230041503906
2023-12-29,190.37509155273438,151.94000244140625,138.544921875,368.8729248046875,462.5799560546875
