trade_date,open,high,low,close,volume
2022-01-04,1818.1871428669135,1830.52958113601,1781.911876269569,1814.8515878651579,33843
2022-01-05,1809.3395168675613,1827.034768866266,1785.4509266693099,1790.7595022689213,28396
2022-01-06,1788.9988246950502,1801.376653468144,1715.1211476004578,1753.794120843627,51795
2022-01-07,1747.4061348720945,1759.6866397591957,1715.8378053064052,1718.2089690742318,29817
2022-01-10,1705.8311403011378,1749.175660071965,1696.5765235058152,1739.4432714726775,29627
2022-01-11,1723.517544673843,1738.5585088727423,1708.6269901169333,1716.9260633043257,22277
2022-01-12,1723.517544673843,1750.7682327518485,1723.517544673843,1740.3280340726128,27474
2022-01-13,1738.3992516047538,1741.2039490465486,1650.5777159351821,1661.044457492416,56747
2022-01-14,1661.044457492416,1674.855601677405,1648.312723679348,1651.851774079089,29322
2022-01-17,1652.736536679024,1661.849591458357,1623.8401901651391,1647.082903665438,27354
2022-01-18,1647.1448370474336,1688.8790888863784,1638.5803350800604,1674.2097249794524,31216
2022-01-19,1697.8594292757214,1697.8594292757214,1671.210379765672,1691.6660910761746,26371
2022-01-20,1695.2051414759155,1751.8211002457715,1695.2051414759155,1742.5576358244496,34014
2022-01-21,1734.134695873066,1763.7653953448971,1726.1806800996483,1756.2449132454476,30813
2022-01-24,1729.71088287339,1755.3689982715118,1708.8658760189157,1725.4640223937008,23986
2022-01-25,1719.093731674167,1739.4432714726775,1708.476580474944,1719.093731674167,25510
2022-01-26,1718.2443595782293,1742.097559272483,1697.8594292757214,1729.71088287339,23905
2022-01-27,1770.4188100964102,1779.0983312017747,1727.056595073584,1738.5585088727423,42665
2022-01-28,1729.71088287339,1741.212796672548,1663.3625355042464,1669.5470260777936,41020
2022-02-07,1681.9248548508876,1693.0463207320736,1636.81080988019,1652.7011461750267,35150
2022-02-08,1653.5151277669672,1657.0453305407086,1583.7250538840756,1627.0784212809024,41713
2022-02-09,1627.1580499148963,1688.1270406764336,1616.4347272036814,1677.4921942252122,33885
2022-02-10,1681.0489398769519,1686.2690392165698,1643.3492054937115,1657.1603496787004,23032
2022-02-11,1643.0041480797365,1681.7479023309006,1628.8479464807726,1636.7842670021919,33746
2022-02-14,1627.9631838808375,1660.6994000784414,1625.5831724870118,1653.3293276209808,20196
2022-02-15,1653.4443467589724,1690.7813284762394,1644.773673279607,1672.7498666895592,27106
2022-02-16,1681.0489398769519,1687.2422780764985,1670.431788677729,1674.4574585074342,14587
2022-02-17,1681.5886450629123,1691.2060145242083,1664.2384504781824,1669.5381784517942,18214
2022-02-18,1661.2568005164005,1688.1093454244349,1650.6661921951759,1687.2422780764985,19385
2022-02-21,1681.0489398769519,1687.153801816505,1653.5770611489627,1660.690552452442,20816
2022-02-22,1645.6672835055417,1646.5431984794775,1592.5903751354267,1599.5357615449182,52299
2022-02-23,1602.6678211486892,1622.654608281226,1592.6434608914228,1616.4701177076788,28112
2022-02-24,1599.65078068291,1604.950508656522,1546.653500946789,1560.8185501717521,65359
2022-02-25,1570.453614885047,1599.8985142108918,1570.453614885047,1591.7410030394888,38979
2022-02-28,1581.123851840266,1589.9183920836224,1563.375514085565,1584.0789589240499,28923
2022-03-01,1594.3422050832985,1648.817038361311,1594.3422050832985,1644.3135967276407,47379
2022-03-02,1627.9631838808375,1637.6867248541257,1614.691744881809,1632.2808253685216,20074
2022-03-03,1633.094806960462,1637.0320005301737,1587.2641042838166,1592.572679883428,31547
2022-03-04,1567.7993270852414,1586.2820177978886,1552.8468391463357,1575.319809184691,31047
2022-03-07,1557.3591284060055,1564.2602766855005,1507.458517769658,1510.289758089451,49156
2022-03-08,1557.1644806340198,1580.769946800292,1532.408823087832,1551.165790206459,57215
2022-03-09,1560.8097025457528,1596.996492883104,1522.773758374537,1574.1519225527763,56434
2022-03-10,1599.65078068291,1611.152694482068,1584.609816484011,1587.6445522017889,36462
2022-03-11,1562.49075148563,1572.2231400849175,1520.0929276967333,1565.153886911435,47727
2022-03-14,1530.6392978879614,1548.334549886666,1504.0964198899042,1504.0964198899042,49007
2022-03-15,1459.8582898931422,1490.8249808908756,1418.2744476961861,1418.2744476961861,89056
2022-03-16,1445.7020882941786,1489.851742030947,1409.4268216968337,1481.9331167615267,77593
2022-03-17,1521.791671888609,1552.7583628863422,1514.4127518051491,1521.9243862785993,68352
2022-03-18,1520.0221466887385,1543.91073688699,1497.266052618404,1510.9887205433997,38349
2022-03-21,1525.33072228835,1526.7905805782432,1499.6814545162274,1507.9008990696257,27877
2022-03-22,1525.2245507763578,1525.2245507763578,1492.0017151487893,1499.672606890228,21054
2022-03-23,1508.5202328895805,1566.029801885371,1501.4421320900985,1550.2721799805242,58067
2022-03-24,1537.7173986874432,1539.4869238873137,1519.4470509987805,1522.614501106549,25815
2022-03-25,1514.713571089127,1534.1783482877022,1490.8249808908756,1495.248793890552,29709
2022-03-28,1437.7392248947615,1472.9527763721837,1419.1592102961215,1469.4137259724428,57542
2022-03-29,1470.0330597923976,1496.5759377904546,1470.0330597923976,1474.8992540920415,25935
2022-03-30,1502.3268946900337,1530.7277741479547,1499.672606890228,1530.7277741479547,42433
2022-03-31,1521.791671888609,1538.2482562474042,1511.8823307693342,1520.9069092886737,25174
2022-04-01,1530.5862121319653,1586.3793416838814,1523.2869206824996,1574.8862755107225,44862
2022-04-06,1550.988837686472,1582.601405382158,1550.988837686472,1561.6059888856946,27820
2022-04-07,1555.412650686148,1579.3012408843995,1548.4230261466596,1561.6059888856946,20196
2022-04-08,1564.2602766855005,1582.57486250416,1562.968523289595,1578.4164782844641,22941
2022-04-11,1566.029801885371,1566.029801885371,1509.4315383675137,1521.791671888609,43864
2022-04-12,1529.754535288026,1581.928985806207,1511.174520689386,1576.6469530845936,41630
2022-04-13,1563.375514085565,1588.148866883752,1549.290093494596,1565.1450392854356,31148
2022-04-14,1581.955528684205,1624.335657221103,1575.0543804047104,1600.535543282845,37650
2022-04-15,1594.5191576032855,1608.4984066822624,1588.9363055976942,1597.8724078570401,21041
2022-04-18,1575.87720962265,1590.8031546835575,1564.2602766855005,1584.4505592160224,19793
2022-04-19,1592.572679883428,1621.7609980552916,1570.8959961850146,1583.9904826640561,24205
2022-04-20,1594.0679286773186,1610.2679318821326,1564.8619152534563,1589.9183920836224,24156
2022-04-21,1583.9020064040626,1597.8812554830395,1566.029801885371,1574.8597326327244,28953
2022-04-22,1559.8364636858241,1581.849357172213,1557.3414331540068,1568.6840896851766,27900
2022-04-25,1548.334549886666,1571.78075878495,1505.8659450897746,1511.174520689386,53658
2022-04-26,1507.0426793476886,1547.4320920347322,1504.0964198899042,1532.8335091358008,44564
2022-04-27,1563.4816855975573,1601.4203058827804,1563.4816855975573,1588.078085875757,57402
2022-04-28,1586.3793416838814,1632.3869968805136,1580.6283847843024,1623.5393708811614,44010
2022-04-29,1624.4241334810965,1635.9260472802546,1602.2873732307169,1617.6822424695902,34885
2022-05-05,1619.115557881485,1654.5060618788946,1618.2131000295512,1625.308896081032,33661
2022-05-06,1605.8352712564572,1609.3831692821975,1575.7621904846585,1586.3793416838814,28596
2022-05-09,1574.8774278847231,1574.8774278847231,1537.7173986874432,1550.1040750865366,30352
2022-05-10,1521.791671888609,1579.265850380402,1508.5290805155798,1562.6588563796176,40119
2022-05-11,1552.7583628863422,1582.3802147321742,1550.1040750865366,1564.2602766855005,30313
2022-05-12,1550.988837686472,1573.1079026848527,1548.334549886666,1559.5444920278455,22038
2022-05-13,1574.8774278847231,1590.7500689275614,1562.49075148563,1573.3202457088373,20731
2022-05-16,1589.9183920836224,1589.9183920836224,1541.849240029141,1555.412650686148,27765
2022-05-17,1565.9236303733787,1570.453614885047,1552.7583628863422,1564.2602766855005,20145
2022-05-18,1569.268033001134,1569.498071277117,1542.1589069391182,1558.0669384859536,24850
2022-05-19,1543.91073688699,1554.5278880862127,1538.6021612873785,1553.6431254862775,19776
2022-05-20,1557.1733282600192,1593.5901568733536,1550.1040750865366,1592.5815275094274,41950
2022-05-23,1592.572679883428,1596.0144063971761,1567.7993270852414,1575.7621904846585,22157
2022-05-24,1580.1860034843346,1581.07076608427,1553.20074418631,1557.1821758860185,27342
2022-05-25,1561.844874787677,1567.7993270852414,1545.6802620868605,1553.2095918123093,22389
2022-05-26,1558.0669384859536,1558.0669384859536,1530.6392978879614,1541.9642591671325,28053
2022-05-27,1557.1733282600192,1574.8774278847231,1550.9976853124713,1552.899924902332,25120
2022-05-30,1562.49075148563,1584.21167331404,1562.49075148563,1573.4706553508263,34466
2022-05-31,1570.250119487062,1605.755642622463,1563.3578188335664,1596.138273161167,40751
2022-06-01,1594.3422050832985,1605.6494711104708,1573.992665284788,1582.1767193341889,21760
2022-06-02,1581.928985806207,1588.8566769637,1574.8774278847231,1580.1860034843346,16915
2022-06-06,1583.7250538840756,1588.148866883752,1555.412650686148,1581.955528684205,36741
2022-06-07,1578.5403450484553,1614.691744881809,1566.3040782913508,1608.4099304222689,35049
2022-06-08,1614.691744881809,1665.1232130781175,1614.691744881809,1650.6131064391795,44354
2022-06-09,1656.275587078765,1670.7414555877062,1635.9260472802546,1639.4650976799956,26329
2022-06-10,1632.395844506513,1687.2422780764985,1623.5393708811614,1681.579797436913,47345
2022-06-13,1672.2013138775994,1673.97083907747,1635.1120656883143,1642.1193854798014,36755
2022-06-14,1622.654608281226,1659.3014751705437,1620.8850830813556,1655.39082447883,29416
2022-06-15,1654.5060618788946,1685.472752876628,1648.3038760533486,1659.0183511385642,33664
2022-06-16,1676.2623742113021,1687.7996785144578,1659.2218465365495,1660.6994000784414,26887
2022-06-17,1661.6637913123707,1727.056595073584,1661.6637913123707,1726.171832473649,50542
2022-06-20,1725.2870698737136,1742.9823218724184,1707.591817875009,1718.2266643262305,34975
2022-06-21,1724.4023072737784,1740.3191864466135,1705.8222926751384,1721.5179811979895,23717
2022-06-22,1729.71088287339,1732.3651706731955,1709.3613430748794,1712.9003934746204,19647
2022-06-23,1718.8283028941864,1738.5938993767395,1716.4394438743614,1731.5688843332537,26844
2022-06-24,1742.9823218724184,1787.2204518691804,1738.5585088727423,1777.4969108958921,39635
2022-06-27,1787.1673661131842,1813.7102441112413,1769.790628650456,1778.8594452997922,40115
2022-06-28,1786.9904135931972,1805.8004664678203,1770.4099624704108,1801.376653468144,25246
2022-06-29,1794.2985526686623,1806.6852290677555,1779.2664360957624,1796.0680778685328,30360
2022-06-30,1788.618376777078,1857.4801842829957,1788.6094336851943,1828.8622902545624,38982
2022-07-01,1837.8053821384478,1849.2257104741695,1802.2208195324679,1814.5980586997653,21596
2022-07-04,1806.5135036367328,1810.3411469630357,1789.5216290573505,1804.715942168072,25076
2022-07-05,1811.2265130595404,1837.313512084834,1797.5614686609636,1818.1395230857838,26329
2022-07-06,1817.2362708055114,1823.496435124231,1776.0980481396386,1790.4069951538552,32752
2022-07-07,1793.089922719021,1796.9801676885108,1775.212682043134,1779.6752848931928,20932
2022-07-08,1793.089922719021,1801.9346405921835,1785.1842294936662,1787.7240675886896,15644
2022-07-11,1779.8541467308705,1783.9411397218062,1744.3500719518454,1756.0655223197352,23949
2022-07-12,1757.3175551834793,1764.29316685291,1726.0703921411837,1742.4809657481135,23447
2022-07-13,1739.4313714157086,1763.577719502199,1735.5590126299862,1751.8533260424254,19854
2022-07-14,1752.8460092415366,1767.870403606464,1735.8541346621544,1746.585844922817,20527
2022-07-15,1739.5297454264312,1788.332197836794,1738.9931599133981,1743.455762763457,33416
2022-07-18,1746.013487042248,1751.951700053148,1718.862260082772,1745.3874706103763,24221
2022-07-19,1739.4313714157086,1745.3785275184923,1722.4394968363263,1737.7321839577703,21956
2022-07-20,1751.7281227560509,1761.789101125422,1739.4313714157086,1743.99234827649,18705
2022-07-21,1737.7321839577703,1749.1793415691436,1730.0500680295127,1734.0655162853773,14061
2022-07-22,1743.2053561907082,1754.6346276183137,1730.488279531823,1741.2199897924856,25114
2022-07-25,1743.4647058553408,1745.9598284909448,1726.911042778269,1739.1183631997726,16912
2022-07-26,1746.576901830933,1757.2907259078277,1741.2378759762532,1744.0907222872129,20685
2022-07-27,1736.7484438505428,1742.114298980874,1714.3907141408295,1716.7159180306396,21490
2022-07-28,1718.0573818132223,1733.1712070969888,1692.6232284954524,1697.3988395614472,34870
2022-07-29,1694.8053429151203,1716.1703894257225,1679.602086712515,1697.7923356043382,37032
2022-08-01,1690.2533091462228,1706.3419314453326,1682.356559012752,1690.5126588108553,21037
2022-08-02,1681.3012741704536,1688.4378614937941,1661.6354151177895,1681.2833879866857,28221
2022-08-03,1690.235422962455,1702.7646946917785,1678.6183466052878,1685.7728201123962,24598
2022-08-04,1690.2443660543388,1719.8460001899994,1681.417534364944,1713.5053480443248,30357
2022-08-05,1724.0492533754257,1730.488279531823,1703.5695729613283,1720.6151060920138,20086
2022-08-08,1712.7362421423106,1728.5923440524396,1705.9037199430222,1709.498842880344,16799
2022-08-09,1709.498842880344,1716.1703894257225,1703.659003880167,1708.1305498221097,13875
2022-08-10,1708.112663638342,1715.285023329218,1667.511026485502,1677.7240374168994,27927
2022-08-11,1686.6671293007846,1705.447622256944,1679.5215988855603,1705.3581913381051,26061
2022-08-12,1705.3581913381051,1726.0167335898805,1699.1874579382243,1724.2281152131034,20260
2022-08-15,1717.4850239326538,1734.5126708795715,1713.093965817666,1716.9752676952724,19323
2022-08-16,1720.597219908246,1729.406165413873,1713.4964049524408,1715.1419338590756,14836
2022-08-17,1726.0167335898805,1726.0167335898805,1694.7159119962816,1715.285023329218,18361
2022-08-18,1706.3419314453326,1710.8850221223463,1682.2581850020292,1695.1630665904759,23168
2022-08-19,1697.3988395614472,1706.6549396612684,1688.4557476775617,1694.7248550881654,13544
2022-08-22,1685.78176320428,1705.447622256944,1682.5354208504298,1693.8037166241252,15427
2022-08-23,1697.9354250744802,1697.9354250744802,1669.6752547214026,1672.3671253784519,23756
2022-08-24,1672.3492391946843,1677.0354193418402,1655.3663077071858,1658.2280971100292,18728
2022-08-25,1662.5207812142942,1688.4557476775617,1658.2280971100292,1685.7728201123962,21925
2022-08-26,1699.1874579382243,1709.9191681988868,1686.6671293007846,1697.3988395614472,23142
2022-08-29,1683.984201735619,1699.1606286625727,1675.9354190401223,1680.245989328155,13570
2022-08-30,1683.4029007631664,1685.7728201123962,1658.2280971100292,1672.358182286568,18235
2022-08-31,1663.5045213215215,1722.0460007934353,1663.4240334945666,1720.6508784595492,44692
2022-09-01,1710.053314577145,1713.4964049524408,1682.0972093481193,1682.0972093481193,26845
2022-09-02,1690.1907075030356,1692.891521251969,1668.93297809504,1676.8297282285107,19391
2022-09-05,1665.7760666600286,1671.4638730981796,1627.6427228671412,1641.0573606929693,36822
2022-09-06,1641.379312000789,1652.862241979698,1632.1142688090838,1650.0004525768545,20830
2022-09-07,1641.0841899686209,1643.4362231340829,1619.6028832635282,1625.8630475822479,28306
2022-09-08,1627.6427228671412,1638.3744331278035,1623.1711769251983,1623.1711769251983,16591
2022-09-09,1632.1142688090838,1656.2606168955745,1624.065486113587,1649.812647647293,27090
2022-09-13,1681.3012741704536,1688.7955851691495,1661.832163139235,1680.406964982065,28693
2022-09-14,1667.0012702481208,1681.3012741704536,1666.0980179678484,1671.4638730981796,16042
2022-09-15,1672.358182286568,1693.034610722111,1672.3224099190327,1681.3012741704536,20810
2022-09-16,1673.9679388256675,1686.3094056254292,1659.0419184714626,1662.5207812142942,24121
2022-09-19,1658.94354446074,1688.983390098711,1657.0476089813565,1673.8248493555254,18584
2022-09-20,1672.3402961028003,1685.4150964370406,1662.1183420795194,1679.5126557936765,14116
2022-09-21,1678.3232245731197,1683.984201735619,1652.6833801420203,1652.6833801420203,20995
2022-09-22,1645.528906634912,1646.4411020070681,1624.8256489237172,1628.3671133097357,22704
2022-09-23,1628.3671133097357,1658.94354446074,1628.3671133097357,1640.5476044555878,28288
2022-09-26,1627.6427228671412,1688.4557476775617,1627.6248366833734,1666.0980179678484,35135
2022-09-27,1671.338669811805,1696.5045303730587,1655.4646817179084,1688.4557476775617,28820
2022-09-28,1681.7484287646478,1698.6508724251912,1675.944362132006,1683.984201735619,21446
2022-09-29,1697.3809533776794,1701.1370519689112,1673.3687516694472,1681.6142823863893,21590
2022-09-30,1697.953311258248,1700.9671332231173,1668.780945533014,1674.5939552575394,21289
2022-10-10,1690.2443660543388,1691.1386752427275,1592.0492171692774,1597.2362104619308,48584
2022-10-11,1599.9191380270963,1615.1223942297015,1573.9841715638288,1591.8614122397157,32047
2022-10-12,1586.2004350772163,1590.976046143211,1527.4800937676248,1573.9841715638288,48195
2022-10-13,1538.623186254946,1551.6264418541152,1517.642692695351,1520.3166771686326,63969
2022-10-14,1529.268712144402,1569.5126256218862,1522.0605800859903,1553.9605888358094,46520
2022-10-17,1543.5776591586184,1545.3573344435117,1518.3581400460616,1536.8703402457045,33550
2022-10-18,1542.68334997023,1547.1548959121726,1521.219929448905,1525.5394428288216,28083
2022-10-19,1522.0963524535257,1522.0963524535257,1473.8215424643124,1473.8215424643124,60121
2022-10-20,1449.6751943778218,1492.0922791830903,1440.7321024939365,1469.797151116564,42778
2022-10-21,1466.667068957204,1473.6426806266347,1439.8377933055478,1452.3581219429875,38907
2022-10-24,1404.0654257700064,1421.0573003493887,1330.74101541403,1342.608498343946,132098
2022-10-25,1323.0588994857726,1354.8784204086367,1316.4231253079295,1323.3540215179407,81362
2022-10-26,1331.447519672857,1354.8694773167529,1305.6914150472671,1309.3401965358923,81781
2022-10-27,1323.5775988150378,1330.7141861383784,1237.5897703514797,1252.9271729323432,107106
2022-10-28,1243.7783899351284,1257.398718874286,1215.106837355392,1216.260496208413,93143
2022-10-31,1207.3174043245278,1235.944241444845,1192.1141481219227,1207.3174043245278,71847
2022-11-01,1215.3661870200247,1314.0979214181193,1215.3661870200247,1307.488976515928,118766
2022-11-02,1305.6914150472671,1346.8296377131398,1284.2279945259422,1316.387352940394,79777
2022-11-03,1290.9979150820434,1307.9271880182384,1277.1629519376727,1287.358076685302,45160
2022-11-04,1285.9808405351837,1366.2987487443584,1285.9808405351837,1356.2824858344068,80008
2022-11-07,1336.1426429118967,1357.9906163842288,1329.4710963665182,1347.8223209122511,42698
2022-11-08,1348.618256089917,1357.5524048819184,1313.7044253752283,1327.941827654374,39325
2022-11-09,1327.1101201091726,1331.5190644079282,1296.7483231633817,1305.6019841284283,36090
2022-11-10,1291.3824680330504,1328.0491447569805,1283.467831715812,1319.1060528730952,37720
2022-11-11,1366.5044398576877,1381.2158260066792,1336.9743504570981,1366.6385862359461,73947
2022-11-14,1380.36623227771,1398.2792453211325,1366.5044398576877,1370.9759857996305,57370
2022-11-15,1370.0816766112418,1429.9735629576223,1360.244275538968,1420.162991161,56318
2022-11-16,1413.9028268422803,1429.1060830448855,1402.2768073932293,1417.7036408929316,26848
2022-11-17,1422.3987641319713,1427.585757424625,1388.7548524647946,1401.3824982048407,30580
2022-11-18,1409.4312809003377,1416.5857544074458,1391.5450971325668,1401.4987583993313,23609
2022-11-21,1378.4434675226746,1378.4434675226746,1340.1491480758775,1359.3320801668117,39096
2022-11-22,1357.0605348283048,1394.88981349714,1355.871103607748,1377.1914346589308,29901
2022-11-23,1366.5044398576877,1392.4394063209554,1360.2800479065033,1385.284932813847,22177
2022-11-24,1394.2280246977325,1403.0637994790113,1353.9662250364804,1359.3410232586955,27687
2022-11-25,1359.8060640366575,1370.0816766112418,1350.406874466694,1361.1475278192404,18621
2022-11-28,1327.852396735535,1354.8784204086367,1297.6426323517703,1350.2995573640874,47723
2022-11-29,1403.6719297271154,1430.8947014216626,1387.0735511906241,1430.000392233274,73420
2022-11-30,1419.375999075218,1434.4719381752168,1417.4800635958345,1430.000392233274,31497
2022-12-01,1484.553252724975,1502.4394364927457,1458.4304813321455,1458.4394244240295,51358
2022-12-02,1462.1955230152614,1478.2841453143712,1449.8540562154997,1461.1938967242663,23884
2022-12-05,1491.7077262320831,1501.545127304357,1474.7158516527008,1488.9353677480788,36127
2022-12-06,1480.0817067830321,1544.3825374281682,1477.3987792178666,1509.593909999854,44147
2022-12-07,1500.4808993701747,1538.2118040282871,1493.5231738845118,1506.0166732463,35526
2022-12-08,1504.2280548695228,1515.8540743185738,1489.0247986669176,1508.7174869952332,19730
2022-12-09,1513.171146753408,1547.1548959121726,1504.2280548695228,1547.1548959121726,39215
2022-12-12,1534.5093639883585,1579.35002669416,1533.7402580863445,1555.2215647914372,34755
2022-12-13,1553.4150602308923,1574.601244903817,1547.1548959121726,1565.0410796799433,21385
2022-12-14,1558.7809153612236,1592.5858026823103,1558.7809153612236,1583.705312441612,29098
2022-12-15,1614.228085041313,1624.065486113587,1591.8703553315995,1598.1215765584354,30634
2022-12-16,1585.833768309977,1601.7077564038734,1558.7809153612236,1598.0142594558288,33303
2022-12-19,1608.683368073304,1608.683368073304,1574.1362041258549,1585.6101910128798,24987
2022-12-20,1578.7508395379396,1578.7508395379396,1504.6304940042976,1533.7402580863445,46198
2022-12-21,1541.7890407818413,1555.2036786076694,1536.1101774355743,1555.2036786076694,22816
2022-12-22,1571.0329512421467,1594.5532828967653,1560.5695337380007,1581.1386450709372,23175
2022-12-23,1567.187421732076,1593.6589737083766,1560.5695337380007,1583.8215726361027,17319
2022-12-26,1583.8215726361027,1583.8215726361027,1551.644328037883,1557.9402647241384,21384
2022-12-27,1574.1066078575743,1582.393762898942,1562.7853578010613,1569.5781078349692,17905
2022-12-28,1581.2435238932003,1582.2579078982637,1546.9446647219884,1569.5781078349692,21438
2022-12-29,1555.0869077626326,1564.1348508077976,1540.6409926905217,1556.8983077716746,22418
2022-12-30,1572.2952078485323,1587.6830509253448,1564.1439078078429,1564.1439078078429,25333
2023-01-03,1567.9478478268313,1574.4960588595186,1545.1332647129461,1566.8700648214513,26034
2023-01-04,1566.861007821406,1574.7405978607392,1554.1812077581114,1562.341564798846,20416
2023-01-05,1573.2009078530534,1631.1657081424003,1569.5781078349692,1631.1657081424003,47943
2023-01-06,1635.8028921655477,1641.0378381916796,1618.4859080791055,1633.6744971549235,24904
2023-01-09,1661.9595082961157,1675.526894363841,1637.3425821732337,1667.5748483241462,30977
2023-01-10,1665.6366503144711,1688.6776584294864,1657.883858275771,1679.57537338405,22732
2023-01-11,1680.9792083910577,1684.6020084091417,1663.6259963044342,1670.9712233411,22720
2023-01-12,1673.7336083548892,1680.9792083910577,1660.1481082870737,1661.0538082915946,17193
2023-01-13,1670.2738343376188,1709.961608535731,1666.4880083187209,1709.05590853121,31940
2023-01-16,1708.1502085266889,1752.52950874822,1703.6217085040837,1732.513538648305,36848
2023-01-17,1732.7490206494806,1741.6611086939674,1716.3015085673783,1728.075608626152,21299
2023-01-18,1733.5098086532782,1743.744218704366,1711.7730085447731,1714.4901085583363,21063
2023-01-19,1714.0372585560756,1714.055372556166,1690.036208436268,1702.906205500512,23439
2023-01-20,1711.0393915411112,1719.2450335820718,1682.7906084000997,1684.611065409187,25609
2023-01-30,1728.9813086306729,1728.9813086306729,1702.7160084995626,1709.961608535731,35923
2023-01-31,1717.6600585741598,1720.7847235897575,1660.21150728739,1671.704840344762,32991
2023-02-01,1680.055394386446,1683.6963084046208,1640.5849881894192,1670.9893373411905,33974
2023-02-02,1674.0777743566073,1683.6963084046208,1653.8082082554263,1662.964835301134,29759
2023-02-03,1648.3740082283,1653.8082082554263,1626.3473841183484,1646.562608219258,34945
2023-02-06,1612.1460080474583,1625.731508115274,1594.0320079570374,1625.731508115274,42661
2023-02-07,1637.578064174409,1638.2301681776644,1619.147069082406,1627.542908124316,24322
2023-02-08,1630.2690651379244,1635.6670371648697,1607.6175080248531,1615.7688080655423,16676
2023-02-09,1610.3346080384163,1657.2045832723802,1607.6265650248981,1646.562608219258,29754
2023-02-10,1639.4075781835415,1647.0064012214732,1631.2109931426262,1639.3170081830895,17985
2023-02-13,1639.3170081830895,1697.734658474697,1639.3170081830895,1681.2962033926399,38147
2023-02-14,1681.3958303931372,1682.2471883973872,1661.9595082961157,1669.9206113358557,19566
2023-02-15,1669.9115543358105,1680.3452183878928,1662.6931252997776,1667.393708323242,18177
2023-02-16,1667.701646324779,1709.05590853121,1655.6196082644683,1686.25038241737,33246
2023-02-17,1675.6899203646547,1696.3761084679154,1648.419293228526,1649.0804542318265,26443
2023-02-20,1649.2797082328211,1701.6291684941373,1645.838048215641,1698.1875084769574,29669
2023-02-21,1697.2818084724363,1697.2818084724363,1676.4507083684523,1690.9419084407891,18751
2023-02-22,1680.0825653865818,1688.134238426774,1659.0612682816484,1662.8652083006366,21869
2023-02-23,1666.4880083187209,1674.458168358506,1635.0149331616146,1646.562608219258,21881
2023-02-24,1639.4166351835868,1639.4890911839486,1614.1204340573142,1619.3916080836266,24635
2023-02-27,1610.7874580406767,1643.8455082056948,1607.6356220249434,1639.6883451849433,22065
2023-02-28,1647.4683082237789,1650.1944652373872,1615.1348180623777,1642.7043261999984,23952
2023-03-01,1642.0341081966526,1673.7336083548892,1633.1854191524822,1665.156629312075,24458
2023-03-02,1656.5253082689894,1665.5732513141547,1649.370278233273,1655.6196082644683,13144
2023-03-03,1666.279697317681,1667.9461853259997,1632.5061441490914,1646.5988362194387,16198
2023-03-06,1646.7256342200717,1647.0154582215184,1627.3345971232761,1636.7267061701596,20646
2023-03-07,1635.676094164915,1645.2946282129283,1619.3916080836266,1619.6633180849828,22785
2023-03-08,1612.1641220475487,1617.5258660743134,1595.0463919621009,1603.4694020041468,22764
2023-03-09,1601.2776079932057,1616.6745080700634,1575.9180078666166,1603.1071220023382,27612
2023-03-10,1586.3969569189248,1613.0517080519792,1584.9750079118269,1584.9750079118269,21161
2023-03-13,1585.880707916348,1607.6175080248531,1584.069307907306,1595.8434079660794,20560
2023-03-14,1597.4555539741268,1612.0373240469157,1574.559457859835,1599.4662079841637,23705
2023-03-15,1610.669717040089,1616.565824069521,1585.0836919123694,1585.8082519159864,19213
2023-03-16,1575.9180078666166,1603.0890080022477,1575.0213648621407,1586.777350920824,17646
2023-03-17,1603.0890080022477,1608.423581028877,1572.2952078485323,1577.7294078756586,27023
2023-03-20,1585.880707916348,1589.503507934432,1565.049607812364,1566.4987278195974,20491
2023-03-21,1571.3895078440112,1617.4443530739063,1561.3996367941443,1607.6175080248531,31142
2023-03-22,1612.1460080474583,1623.9201081062317,1599.0586429821292,1606.1231030173933,15330
2023-03-23,1599.4662079841637,1622.208335097687,1598.5695649796878,1607.4907100242199,17356
2023-03-24,1602.2557639980885,1615.406528063734,1599.4662079841637,1610.896142041219,12770
2023-03-27,1610.8780280411288,1610.8780280411288,1590.4092079389532,1601.0874109922563,15296
2023-03-28,1603.0890080022477,1621.2030080926686,1598.578621979733,1613.7762680555961,17261
2023-03-29,1629.354308133358,1630.2600081378791,1616.7379070703798,1621.2030080926686,15393
2023-03-30,1623.9201081062317,1634.7885081604843,1611.2403080429372,1630.2600081378791,19257
2023-03-31,1652.9025082509052,1673.7336083548892,1647.4683082237789,1648.3740082283,27446
2023-04-03,1652.9025082509052,1655.4112972634284,1630.3324641382408,1632.1348071472376,21417
2023-04-04,1641.1284081921317,1643.9994772064633,1618.4859080791055,1643.474171203841,20066
2023-04-06,1634.7885081604843,1644.6606382097639,1619.5908620846212,1627.506680124135,14874
2023-04-07,1625.731508115274,1635.7032651650507,1619.6995460851638,1622.0996510971445,13525
2023-04-10,1622.0000240966474,1622.0000240966474,1579.5408078847006,1604.6286980099337,29418
2023-04-11,1623.9201081062317,1623.9201081062317,1579.5408078847006,1580.8993578914822,29209
2023-04-12,1582.4933898994393,1584.9750079118269,1533.1870816533135,1534.3463776591004,51105
2023-04-13,1530.6330076405643,1561.0554707924261,1525.2078646134833,1560.5211077897588,29543
2023-04-14,1563.238207803322,1569.5781078349692,1544.0373677074756,1551.8445017464471,21232
2023-04-17,1575.9180078666166,1587.69210792539,1565.049607812364,1587.69210792539,30467
2023-04-18,1587.69210792539,1602.1833079977268,1581.370321893833,1592.2206079479952,18314
2023-04-19,1595.8434079660794,1599.013357981903,1584.9750079118269,1593.1263079525163,14601
2023-04-20,1594.1316349575345,1598.5605079796426,1565.955307816885,1577.6207238751163,19885
2023-04-21,1581.3522078937428,1583.2360639031465,1558.9633037819826,1562.7581868009258,18518
2023-04-24,1558.7097077807166,1559.6154077852377,1540.5957076902957,1544.21850770838,20231
2023-04-25,1545.124207712901,1572.2770938484418,1541.5014076948169,1567.2051738231241,20583
2023-04-26,1579.5408078847006,1594.9377079615583,1557.8040077761957,1579.4592948842937,27892
2023-04-27,1583.1636079027849,1603.0890080022477,1566.861007821406,1592.1481519476336,25605
2023-04-28,1596.7581649706458,1614.6547970599815,1588.5706369297754,1594.5029719593883,26225
2023-05-04,1602.1833079977268,1610.0357270369243,1572.2952078485323,1584.884437911375,27466
2023-05-05,1599.4662079841637,1599.4662079841637,1572.6484308502957,1584.9750079118269,20714
2023-05-08,1601.5674319946525,1602.1833079977268,1555.240876763401,1558.2749717785466,33171
2023-05-09,1553.2755077535903,1575.899893866526,1546.0933067177384,1559.6154077852377,29378
2023-05-10,1553.4475907544495,1572.2952078485323,1553.2755077535903,1562.3325077988009,20773
2023-05-11,1567.7667078259271,1571.3895078440112,1553.2755077535903,1555.150306762949,15246
2023-05-12,1553.2755077535903,1566.7523238208637,1544.2275647084252,1545.4864877147095,19460
2023-05-15,1541.5014076948169,1555.0869077626326,1531.7198476459896,1554.4529177594677,25740
2023-05-16,1552.3607507490242,1557.7949507761505,1536.9729076722117,1542.669760700649,22224
2023-05-17,1546.9356077219431,1551.4641077445483,1538.793364681299,1540.5957076902957,16777
2023-05-18,1544.2094507083348,1544.5807877101884,1530.6330076405643,1531.5387076450854,19219
2023-05-19,1513.4247075546646,1543.6116887053508,1499.4316424848143,1539.2371576835142,26741
2023-05-22,1530.6420646406095,1586.7864079208691,1530.6330076405643,1581.3522078937428,41284
2023-05-23,1588.588750929866,1588.5978079299111,1561.9249427967663,1561.9249427967663,16894
2023-05-24,1568.97128883194,1570.0762428374558,1548.8466347314825,1549.5621377350542,18479
2023-05-25,1545.115150712856,1548.7470077309852,1530.6330076405643,1540.5957076902957,22466
2023-05-26,1541.5014076948169,1544.21850770838,1517.0565645727938,1531.140199643096,18291
2023-05-29,1536.9729076722117,1538.195602678315,1519.7646075863117,1529.7273076360432,17771
2023-05-30,1529.7273076360432,1538.6846806807564,1502.1577994984227,1510.9702605424125,26453
2023-05-31,1504.3767645094993,1508.6426115307934,1473.2750263542466,1475.2947373643285,36957
2023-06-01,1465.4226073150492,1517.0384505727034,1465.4226073150492,1481.6527513960664,28645
2023-06-02,1489.8765074371172,1515.3719625643848,1481.824834396925,1513.062427552856,25058
2023-06-05,1509.0411195327827,1524.1844236083746,1506.179107518496,1507.9905075275383,16201
2023-06-06,1512.5190075501434,1525.198807613438,1495.80884246673,1509.792850536535,19914
2023-06-07,1515.2270505636614,1520.4891675899285,1494.4050074597226,1495.2201374637916,17890
2023-06-08,1499.6852384860802,1517.0475075727486,1494.4140644597678,1510.7076075411014,14703
2023-06-09,1514.3213505591402,1519.737436586176,1508.8962075320592,1508.8962075320592,17580
2023-06-12,1508.9143215321496,1546.9356077219431,1504.838671511805,1536.0672076676906,27029
2023-06-13,1534.147123658106,1543.8652847066166,1526.1045076179591,1538.7843076812537,14663
2023-06-14,1556.8983077716746,1570.7011758405754,1545.3144047138505,1564.0352238073006,31506
2023-06-15,1567.1689458229432,1590.092212937371,1560.5211077897588,1589.503507934432,25223
2023-06-16,1591.3149079434743,1630.2600081378791,1585.065577912279,1628.1678411274356,37918
2023-06-19,1621.2030080926686,1628.403323128611,1574.1066078575743,1579.5408078847006,31700
2023-06-20,1575.9180078666166,1598.5605079796426,1571.3895078440112,1579.0517298822592,20947
2023-06-21,1575.9180078666166,1590.9526279416657,1571.3895078440112,1572.1412388477636,17721
2023-06-26,1557.9036347766928,1566.861007821406,1535.1615076631695,1547.841307726464,23993
2023-06-27,1548.73795073094,1557.5322977748394,1539.7715206861815,1549.6979927357322,15174
2023-06-28,1551.6271337453622,1570.4838078394903,1549.6527077355063,1565.3937738140821,18574
2023-06-29,1567.7667078259271,1571.3804508439662,1551.4731647445935,1552.1071547477584,14231
2023-06-30,1563.325788993759,1571.5930236073202,1550.8927509542323,1555.049358346145,20459
2023-07-03,1562.4061855884686,1586.5733630795014,1555.9689617514355,1585.4882310612588,19139
2023-07-04,1585.580191401788,1594.9969302719621,1579.9522185614103,1591.4656531956466,12472
2023-07-05,1590.9138911524724,1592.7255098608946,1563.325788993759,1577.4692893671263,14745
2023-07-06,1571.7493561862195,1593.6727013683437,1563.325788993759,1566.0662071415245,15141
2023-07-07,1564.2453923990495,1571.5930236073202,1554.1297549408546,1554.1573430430133,15167
2023-07-10,1567.9238060202113,1577.0830559369042,1563.325788993759,1564.1534320585206,13477
2023-07-11,1572.5218230466635,1577.2761726520152,1565.2569561448688,1572.5218230466635,12583
2023-07-12,1575.3174173987463,1584.4766673154393,1573.7448955756997,1576.0163159867673,13285
2023-07-13,1583.547867876096,1605.0849796279983,1580.8074497283303,1598.6385597569122,25807
2023-07-14,1614.823579690024,1617.1225882032502,1601.2134492917255,1612.0647694741526,18550
2023-07-17,1610.2255626635717,1610.2255626635717,1587.7872395744848,1590.8863030503137,14336
2023-07-18,1594.206071343412,1595.0613025103323,1582.6374605048584,1584.2927466343813,14738
2023-07-19,1577.1290361071685,1589.0746843418915,1576.0163159867673,1584.4766673154393,12483
2023-07-20,1589.0654883078387,1608.3679637848852,1583.5570639101488,1585.3962707207297,16693
2023-07-21,1592.6427455544185,1629.9970358773164,1587.2354775313106,1628.8935117909678,39377
2023-07-24,1609.7841530290323,1628.7555712801743,1609.7841530290323,1628.7555712801743,19713
2023-07-25,1655.2861295228038,1681.844275867592,1655.2769334887507,1681.540806743846,43086
2023-07-26,1681.540806743846,1688.382656079207,1669.1537488745835,1681.540806743846,19611
2023-07-27,1688.3918521132598,1705.6712000986672,1681.6787472546396,1690.2586470259994,20340
2023-07-28,1684.713438492098,1747.2464700518483,1681.044220904989,1744.487659835977,39018
2023-07-31,1754.6032972941719,1779.4325892370139,1723.3367815142967,1729.3877719211077,45379
2023-08-01,1727.0243911695113,1753.637713718617,1726.9140387608766,1737.1308325936534,19231
2023-08-02,1731.981053524027,1738.0504359989438,1716.7156369962054,1728.8544019460394,18509
2023-08-03,1719.658367893135,1738.0504359989438,1701.7261014899711,1727.4474087359451,21543
2023-08-04,1736.0457005754106,1753.242284254342,1730.6936087566203,1741.2414598153018,24574
2023-08-07,1729.7280251810653,1745.4072632412674,1720.605559400584,1736.1468569499928,23892
2023-08-08,1728.881990048198,1741.4621646325716,1714.2143157338155,1738.0504359989438,17736
2023-08-09,1738.0504359989438,1751.8444870783005,1731.5764280256992,1738.307924952425,18523
2023-08-10,1730.6936087566203,1737.1308325936534,1712.5774216723985,1724.2563849195872,18436
2023-08-11,1733.4524189724916,1733.8202603346078,1686.4422928940442,1686.552645302679,26786
2023-08-14,1664.4821635757082,1678.257822586959,1651.607715901642,1658.044939738675,23731
2023-08-15,1663.5625601704178,1671.8389908180318,1656.214928962147,1667.2225817234737,14818
2023-08-16,1662.2567233349052,1676.7588690363355,1660.8037499545464,1673.6781976286127,13184
2023-08-17,1660.8773182269695,1686.552645302679,1656.711514801004,1681.0810050412006,17290
2023-08-18,1684.704242458045,1687.4630526739163,1657.6679023425058,1657.6679023425058,17023
2023-08-21,1648.8489056857707,1668.151381162817,1646.1544677082695,1647.0096988751898,18912
2023-08-22,1656.1965368940412,1657.6403142403472,1628.6360228374865,1644.2508886593184,26650
2023-08-23,1652.5273193069324,1655.2861295228038,1627.7715956365134,1631.376440985252,19912
2023-08-24,1636.5446121229843,1681.0350248709362,1632.2960443905424,1670.275665029038,26055
2023-08-25,1663.3694434553067,1690.0195501406238,1660.8129459885993,1678.257822586959,18831
2023-08-28,1745.9406332163358,1745.9406332163358,1684.6030860834633,1687.4446606058107,41052
2023-08-29,1681.0350248709362,1718.8123327602677,1681.0350248709362,1702.4893723163623,28950
2023-08-30,1717.7272007420252,1717.819161082554,1695.4360141977847,1706.7839202190687,19812
2023-08-31,1710.4623338402305,1710.4623338402305,1692.9990651737648,1698.5074895714547,14820
2023-09-01,1703.8687774242978,1715.4925644671694,1697.615474268323,1702.231883362881,13145
2023-09-04,1712.8533026939856,1728.799225741722,1704.5124998080012,1715.9799542719732,23871
2023-09-05,1717.819161082554,1717.819161082554,1707.519602943301,1709.266849413353,15659
2023-09-06,1708.6231270296496,1716.586892519465,1700.3558924160884,1711.381937245521,11121
2023-09-07,1703.6572686410811,1707.6023672497772,1683.9685597338128,1690.2310589238407,16982
2023-09-08,1687.417072503652,1687.417072503652,1669.034200431896,1672.298792520677,12212
2023-09-11,1662.6429567651273,1692.0702657344216,1662.6429567651273,1675.6737370180929,15926
2023-09-12,1679.7475801035296,1680.09702939754,1670.0181760755565,1673.641413492401,12168
2023-09-13,1682.8006634090939,1682.8006634090939,1655.332109693068,1673.5954333221366,19501
2023-09-14,1676.0047942439974,1680.09702939754,1660.8037499545464,1672.473517167682,17505
2023-09-15,1672.7585942233222,1673.4758848794486,1638.0895458438722,1638.7240721935227,28431
2023-09-18,1633.500724851473,1682.4144299788718,1630.4568375799615,1682.1385489572847,32559
2023-09-19,1675.7013251202516,1681.9546282762267,1662.6429567651273,1680.0602452613284,14990
2023-09-20,1675.5174044391936,1682.8742316815171,1671.8849709882961,1677.3566112497745,12502
2023-09-21,1671.8481868520846,1675.5174044391936,1653.805568040286,1653.805568040286,19489
2023-09-22,1660.463496694589,1701.2295156511145,1648.3063396766493,1700.3466963820356,34390
2023-09-25,1698.9672912740998,1699.4270929767451,1679.7383840694765,1685.0628877861084,13979
2023-09-26,1681.0350248709362,1687.3618962993346,1667.3329341321084,1669.999784007451,15762
2023-09-27,1669.0801806021605,1686.0928436000336,1657.8610190576169,1668.16057719687,20880
2023-09-28,1678.257822586959,1678.257822586959,1653.2630020311647,1653.9527045851326,20538
2023-10-09,1652.472143102615,1652.472143102615,1623.008049997109,1634.1352512011233,29763
2023-10-10,1639.5517152582843,1654.3481340494075,1625.8588205535093,1627.6980273640902,20284
2023-10-11,1641.1702172515954,1641.1702172515954,1625.8588205535093,1635.514656309059,21945
2023-10-12,1653.3549623716938,1653.6584314954396,1634.3191718821815,1642.4116818487375,14865
2023-10-13,1628.5072783607459,1635.0640506404668,1598.4454430418014,1610.2255626635717,25028
2023-10-16,1610.207170595466,1614.823579690024,1583.9708854425296,1590.8219308119435,20790
2023-10-17,1599.1903218000864,1599.5949472984144,1578.0394434784062,1587.2354775313106,14945
2023-10-18,1580.6143330132195,1601.9491320159577,1579.124575496649,1589.0746843418915,20318
2023-10-19,1563.325788993759,1563.3533770959177,1495.3027251044248,1498.9535506234279,73492
2023-10-20,1498.9535506234279,1521.943635755689,1486.3090038006842,1512.7476017027846,45376
2023-10-23,1498.9259625212692,1526.5416527821412,1491.2288820189879,1511.8096062293882,25234
2023-10-24,1515.5064119186559,1520.4354861710126,1490.8702366909247,1510.862414721939,29861
2023-10-25,1535.8388432096276,1561.4865821831781,1532.9972686872802,1542.634712374724,36179
2023-10-26,1532.9788766191743,1552.2905481302737,1528.390055626775,1537.7884024288433,22386
2023-10-27,1530.220066403303,1555.8586093428007,1527.0934148253154,1541.9082256845445,34262
2023-10-30,1534.8180834297552,1553.0997991269294,1534.8180834297552,1545.8533242932406,24086
2023-10-31,1544.9337208879501,1554.1297549408546,1533.7605395136711,1549.1455044841803,19859
2023-11-01,1701.266299787326,1701.266299787326,1631.1833242701412,1637.8044687882323,93143
2023-11-02,1650.6881124963516,1650.6881124963516,1633.2708240001502,1636.4342597143495,27908
2023-11-03,1636.8940614169949,1668.9790242275785,1631.376440985252,1665.6224717982684,30176
2023-11-06,1673.6781976286127,1677.1634945346634,1656.316085336729,1666.3213703862891,25524
2023-11-07,1659.884146549256,1664.4821635757082,1640.6460433105797,1647.166031454089,19582
2023-11-08,1640.618455208421,1658.7806224629073,1639.5333231901782,1653.7595878700215,14546
2023-11-09,1646.191251844481,1654.3665261175133,1639.6528716328662,1649.8696654656428,12800
2023-11-10,1637.3998432899045,1644.2508886593184,1630.5487979204906,1633.0685112509864,16466
2023-11-13,1629.7947231281526,1641.3817260348123,1615.7247910272088,1622.1804069323475,18370
2023-11-14,1622.1804069323475,1632.2868483564896,1618.5111893452388,1623.3483032570664,12817
2023-11-15,1635.9744580117044,1639.5517152582843,1624.9392171482189,1630.3924653415913,18435
2023-11-16,1631.376440985252,1633.2156477958329,1618.5479734814503,1618.5479734814503,12558
2023-11-17,1611.1451660688622,1617.5823899058953,1598.178758054267,1612.4510029043747,21714
2023-11-20,1613.9039762847335,1627.238225661445,1597.0384498317069,1620.801001824412,18608
2023-11-21,1640.039105063088,1653.4469227122229,1627.7899877046193,1646.0900954698993,30098
2023-11-22,1639.928752654453,1650.0903702829125,1637.3906472558515,1638.2826625589832,12665
2023-11-23,1635.3307356280009,1644.2508886593184,1628.6176307693806,1642.4116818487375,11550
2023-11-24,1645.1704920646089,1645.1704920646089,1632.2960443905424,1634.1352512011233,13085
2023-11-27,1630.7327186015486,1630.7327186015486,1613.9039762847335,1621.260803527057,16261
2023-11-28,1619.4215967164762,1631.2660885766172,1616.6627865006049,1626.8152080950115,14520
2023-11-29,1625.8588205535093,1633.2156477958329,1616.6627865006049,1632.0293594030084,17149
2023-11-30,1633.877762247642,1650.4674076790818,1628.6911990418039,1647.4695005778349,21353
2023-12-01,1645.4555691202488,1645.8142144483122,1607.4667524477004,1618.7594822646672,33051
2023-12-04,1618.7594822646672,1620.1848675428673,1604.9654311853105,1609.9588776760377,18440
2023-12-05,1608.184043103827,1608.276003444356,1570.7010083041885,1571.602219641373,29903
2023-12-06,1565.744345949673,1581.2304672947641,1564.3649408417373,1566.0845992096304,23851
2023-12-07,1567.0042026149208,1571.6757879137963,1551.6468257465704,1563.325788993759,25042
2023-12-08,1563.325788993759,1571.4550830965266,1556.1712745005993,1567.850237747788,26288
2023-12-11,1554.1297549408546,1567.0042026149208,1523.78284256627,1561.4865821831781,36831
2023-12-12,1551.9227067681575,1572.5126270126107,1548.612134509112,1572.5126270126107,21011
2023-12-13,1568.1261187693751,1568.5859204720205,1523.856410838693,1526.5416527821412,38789
2023-12-14,1532.0224890776724,1535.6181383923579,1503.5699597179857,1504.3792107146414,40672
2023-12-15,1515.7179207018726,1542.8830052941523,1511.837194331547,1512.7476017027846,37093
2023-12-18,1508.1495846763323,1529.6039321217584,1503.55156764988,1528.3808595927221,19897
2023-12-19,1531.1396698085935,1544.8141724452623,1512.8303660092606,1540.335703861498,22207
2023-12-20,1542.2975121980724,1544.1579434552473,1528.3442777692599,1534.660441887369,23092
2023-12-21,1525.5629330397833,1555.6181999994453,1525.5629330397833,1553.4600997411223,29012
2023-12-22,1553.1810350525461,1561.9250619612685,1542.3068143543583,1554.0647398997044,21667
2023-12-25,1554.39031536971,1561.4599541469747,1551.5996684839474,1555.3205309982973,12471
2023-12-26,1555.785638812591,1558.018156321201,1541.8324043837786,1553.4600997411223,14771
2023-12-27,1551.5996684839474,1560.1111414855231,1545.0881590838349,1550.725265793075,16056
2023-12-28,1554.381013213424,1607.4033040429115,1550.725265793075,1604.612657157149,38338
2023-12-29,1599.9708811704973,1627.4866594641155,1599.9708811704973,1605.5521749420222,27539
2024-01-02,1595.3198030275598,1598.287190882754,1560.994846332681,1567.4226363262208,32156
2024-01-03,1563.7947953747293,1576.920137894099,1559.348364670081,1575.7852748272223,20229
2024-01-04,1574.8550591986348,1574.8550591986348,1546.8834752470088,1552.5298841125348,21551
2024-01-05,1545.3951302412686,1561.5157670846902,1536.818542145692,1547.2834679673012,20243
2024-01-08,1545.0881590838349,1546.0183747124224,1525.5629330397833,1529.2651912415615,25586
2024-01-09,1526.4931486683708,1537.0138874276954,1520.967667834561,1526.483846512085,24412
2024-01-10,1526.5768680749436,1543.65562701581,1523.6931996263224,1526.9489543263787,17351
2024-01-11,1525.646652446356,1542.241699260357,1523.7490125640377,1531.6651475633173,16441
2024-01-12,1525.5257244146399,1536.0278588613926,1524.995501506345,1528.400090706975,11603
2024-01-15,1520.90255274056,1539.4789588434523,1520.3909341448368,1525.5536308834974,17854
2024-01-16,1524.1583074406162,1532.06514028361,1511.5445835169696,1525.0234079752026,25903
2024-01-17,1516.2514745976225,1521.349056242282,1466.9500462824851,1466.9500462824851,51633
2024-01-18,1464.1593993967226,1500.2517657859173,1446.9969210492832,1498.4564496227435,60440
2024-01-19,1496.5960183655684,1523.7025017826084,1489.1635954931546,1520.90255274056,46378
2024-01-22,1515.321258969035,1528.3442777692599,1505.9074768077296,1527.4140621406725,46946
2024-01-23,1518.1212080110834,1525.507120102068,1496.716946397285,1506.0191026831599,34835
2024-01-24,1515.321258969035,1519.8235026113985,1491.6565733777688,1512.5306120832724,33216
2024-01-25,1513.293388898714,1526.483846512085,1508.8097495689224,1523.6931996263224,31206
2024-01-26,1516.5863522239138,1529.367514960706,1509.73996519751,1523.060652998883,26955
2024-01-29,1525.8326955720736,1544.6974685198281,1525.8233934157877,1534.8557871693724,31421
2024-01-30,1534.8371828568006,1534.8371828568006,1497.6471620258724,1500.4378089116349,30866
2024-01-31,1500.4378089116349,1506.92141184289,1486.605502514539,1492.9123644763622,29649
2024-02-01,1493.4611916972287,1510.567857106953,1489.2752213685849,1497.67506849473,26485
2024-02-02,1502.29824016881,1514.1863959021582,1470.670908796835,1484.6241432256475,39382
2024-02-05,1484.6241432256475,1523.1722788743134,1483.9264815042068,1516.2607767539082,53130
2024-02-06,1516.2607767539082,1567.8598376716568,1512.623633646131,1559.0413935126473,52472
2024-02-07,1563.7203781244425,1594.9384146198388,1545.6555906172732,1591.5896383569238,52601
2024-02-08,1599.9801833267832,1604.6219593134347,1567.4133341699348,1586.9478623702723,46757
2024-02-19,1616.5938344533558,1616.649647391071,1570.2039810556973,1577.1154831761025,36977
2024-02-20,1578.9107993392763,1578.9107993392763,1540.9580016929062,1553.4600997411223,34470
2024-02-21,1549.757841539344,1610.2032530849597,1546.0183747124224,1597.7941765996027,46154
2024-02-22,1588.3431858131535,1602.7708302125457,1581.8595828818986,1598.4639318521856,22794
2024-02-23,1591.7012642323543,1604.0452256237106,1581.3851729113192,1594.473306805545,27306
2024-02-26,1588.8082936274473,1589.496653192602,1567.4319384825067,1576.696886143238,27318
2024-02-27,1565.55290291276,1574.780641948348,1560.9018247698223,1571.5993044985785,22080
2024-02-28,1571.0597794339978,1578.1759289926922,1557.1902644117583,1564.204090251308,31867
2024-02-29,1564.204090251308,1578.110813898691,1562.0180835241274,1576.71549045581,24758
2024-03-01,1572.0644123128723,1576.6875839869522,1559.6739401400869,1567.46914710765,26868
2024-03-04,1561.8320403984098,1563.683169499299,1553.5066105225517,1559.3204582012236,26485
2024-03-05,1554.2135744002783,1578.5759217129848,1550.371783854212,1576.8085120186686,36238
2024-03-06,1572.9946279414598,1576.71549045581,1560.920429082394,1563.2738746227205,22142
2024-03-07,1562.7622560269974,1571.8783691871547,1560.9018247698223,1566.13893875877,21599
2024-03-08,1563.2831767790062,1568.976096425962,1553.5066105225517,1554.7903080900026,22156
2024-03-11,1558.1111778840598,1580.3247270947295,1556.4181854400306,1576.2410804852302,29895
2024-03-12,1575.729461889507,1627.0401559623933,1572.529520127166,1623.2262718851848,54227
2024-03-13,1618.5472872733897,1626.0169187709473,1600.063902733356,1606.9009876034743,26500
2024-03-14,1599.0406655419097,1613.7752810987356,1592.0640483275035,1596.8360545021576,19405
2024-03-15,1592.9942639560911,1611.5055549649824,1592.5291561417973,1597.6360399427426,17834
2024-03-18,1595.3198030275598,1599.831348826209,1580.4363529701598,1589.05014969088,26055
2024-03-19,1584.1572154845098,1599.915068232782,1574.9573829177793,1588.826897940019,23948
2024-03-20,1584.4920931108013,1594.0919183978244,1581.5805181933224,1590.2966386331873,15249
2024-03-21,1588.901315190306,1599.0406655419097,1585.552538927391,1589.7385092560348,16596
2024-03-22,1586.0455532105425,1589.729207099749,1570.2039810556973,1582.6223596973402,25456
2024-03-25,1580.0084537810096,1580.2224033755847,1563.301781091578,1571.1434988405706,24473
2024-03-26,1569.7016646162601,1593.2733286446673,1569.7016646162601,1590.0082717883251,28069
2024-03-27,1586.0176467416848,1592.5291561417973,1580.4363529701598,1582.296784227335,18113
2024-03-28,1576.71549045581,1598.1104499133223,1575.0411023243523,1582.892122229631,24642
2024-03-29,1582.892122229631,1591.5896383569238,1579.599158904431,1584.0641939216512,13457
2024-04-01,1590.6594227283365,1612.9938999707222,1589.4594445674586,1601.2080679565186,27131
2024-04-02,1601.8313124276722,1604.612657157149,1586.064157523114,1594.3802852426863,25449
2024-04-03,1612.9938999707222,1618.0542729902384,1590.687329197194,1595.4221267467044,29046
2024-04-08,1576.71549045581,1577.6457060843973,1546.5765040895749,1550.3531795416402,59167
2024-04-09,1544.7811879264011,1556.2507466268848,1542.7161092309368,1546.2230221507116,25590
2024-04-10,1546.269532932141,1548.799719441899,1530.204709026435,1532.9767515996257,27631
2024-04-11,1525.655954602642,1534.8557871693724,1520.6141858956978,1532.9953559121975,22766
2024-04-12,1535.7860027979598,1547.8788059695974,1520.00024358083,1520.00024358083,26744
2024-04-15,1520.9118548968459,1558.6786094174981,1520.8839484279881,1556.232142314313,35818
2024-04-16,1549.2648272561928,1562.3529611504189,1543.22772782666,1553.4600997411223,26266
2024-04-17,1551.5996684839474,1558.2972210097773,1542.2975121980724,1550.6694528553599,24819
2024-04-18,1543.2370299829458,1565.534298600188,1542.464951011218,1554.1856679314205,26568
2024-04-19,1544.8835116455457,1552.0647762982412,1526.7443068880893,1531.7302626573185,23500
2024-04-22,1538.5766496837223,1561.7204145229794,1530.204709026435,1558.166990821775,29951
2024-04-23,1558.1111778840598,1576.71549045581,1558.1111778840598,1574.1853039460518,24980
2024-04-24,1578.557317400413,1581.2828491921746,1565.8598740701937,1575.4131885757872,17086
2024-04-25,1572.3713834703062,1577.2736198329621,1564.8552411913192,1574.8922678237782,14476
2024-04-26,1575.7852748272223,1594.3895873989723,1575.7666705146505,1590.1385019763275,30996
2024-04-29,1578.5294109315555,1607.4126061991972,1575.6178360140766,1585.0874311130974,41332
2024-04-30,1586.0269488979707,1609.1614115809418,1586.0176467416848,1586.0176467416848,30760
2024-05-06,1612.9659935018647,1641.8305844569347,1606.4823905706098,1637.3655494397149,59909
2024-05-07,1642.5654548035188,1653.7373445028547,1634.0911904270868,1646.4816625998722,24925
2024-05-08,1646.1932957550102,1646.4537561310146,1633.1516726422135,1640.8724623594896,14769
2024-05-09,1635.3190750568222,1641.811980144363,1627.8773500281222,1633.4586437996472,22387
2024-05-10,1638.2027435054433,1644.5096054672667,1612.9845978144365,1617.626373801088,26207
2024-05-13,1611.152073026119,1611.7474110284152,1582.501431665624,1586.9478623702723,37662
2024-05-14,1586.9385602139864,1593.7105299901034,1581.3758707550332,1583.2083955433507,21274
2024-05-15,1583.766524920503,1588.8082936274473,1580.054964562439,1581.3665685987473,15739
2024-05-16,1586.0176467416848,1590.557099009192,1572.0644123128723,1585.552538927391,29680
2024-05-17,1581.3758707550332,1596.789543720728,1581.3665685987473,1595.3198030275598,28924
2024-05-20,1598.1011477570364,1612.054382185849,1588.9106173465918,1589.7385092560348,31426
2024-05-21,1588.8082936274473,1590.4175666649037,1579.6549718421463,1586.0176467416848,16293
2024-05-22,1584.1572154845098,1590.6315162594788,1572.9946279414598,1579.2363748092819,20286
2024-05-23,1581.3665685987473,1587.3013443091356,1572.1388295631593,1573.934145726333,18885
2024-05-24,1574.8550591986348,1576.71549045581,1559.971609141235,1560.0460263915218,20217
2024-05-27,1560.9018247698223,1569.6923624599742,1551.6089706402333,1553.5717256165528,25098
2024-05-28,1553.8321859925575,1558.2693145409198,1546.9485903410098,1548.4741439718935,23521
2024-05-29,1549.7392372267723,1562.7622560269974,1548.809021598185,1557.1809622554724,19651
2024-05-30,1558.1111778840598,1558.4646598229233,1533.9255715407849,1533.9255715407849,32208
2024-05-31,1535.3208949836662,1547.4136981553036,1533.4139529450617,1533.4139529450617,21857
2024-06-03,1534.8557871693724,1535.711585547673,1521.0048764597045,1524.9861993500592,30261
2024-06-04,1526.0187386977912,1540.4370809408974,1522.3443869648704,1537.8324771808525,20841
2024-06-05,1536.7162184265474,1542.9300588255119,1528.3721842381176,1529.2744933978474,19056
2024-06-06,1528.9582200841278,1536.7069162702614,1521.7490489625745,1525.3768899140657,25610
2024-06-07,1531.255852686739,1531.3023634681683,1506.0284048394458,1506.1865414963058,33525
2024-06-11,1491.1263504694741,1492.996083882935,1457.64788999661,1459.508321253785,70247
2024-06-12,1460.4385368823725,1479.0428494541225,1460.4385368823725,1462.0012991383996,33171
2024-06-13,1466.7360966879098,1466.8477225633405,1444.7644035406734,1446.494604609846,36186
2024-06-14,1446.48530245356,1454.8200344857041,1414.3556546421478,1446.48530245356,59514
2024-06-17,1425.360105528338,1440.69005908746,1405.565116951996,1433.927391467629,48318
2024-06-18,1424.0578036483155,1446.0574032644097,1410.839439566087,1415.3230788958788,41258
2024-06-19,1422.3204965131213,1428.0269072261726,1407.2331643616426,1425.1784492995248,41262
2024-06-20,1424.2289633239754,1439.43023379252,1422.3299913728767,1424.3239119215302,24711
2024-06-21,1424.70370631175,1428.957403482211,1395.9532709721168,1396.6938700330452,43320
2024-06-24,1351.118543206678,1413.7751227331776,1342.5826642864897,1401.963517197344,63840
2024-06-25,1402.390785886341,1427.067926390868,1402.390785886341,1411.5533255503922,42098
2024-06-26,1405.2392438129891,1425.2449133178131,1403.1503746667806,1413.9935045075538,29570
2024-06-27,1416.6330755195809,1418.5035628914131,1393.8454121063974,1415.1993516965015,32822
2024-06-28,1405.2392438129891,1418.9972955986987,1390.0474682042,1393.2662256613123,38582
2024-07-01,1394.6809597648808,1398.5833471243884,1355.8659730844247,1367.6206094617253,32161
2024-07-02,1360.6134029621712,1422.3299913728767,1360.6134029621712,1415.3987437513667,51853
2024-07-03,1423.279477348426,1436.581775865872,1412.8541213368947,1424.2289633239754,31573
2024-07-04,1428.976393201722,1435.6227950305672,1406.31216296536,1410.6892933126421,24380
2024-07-05,1404.2897578374398,1417.7534689707293,1376.7546645465095,1379.6031224731576,38829
2024-07-08,1370.1082627176643,1384.1321705765279,1347.4535273410577,1348.2700852800301,39527
2024-07-09,1348.2700852800301,1381.3976509669458,1338.8701741220918,1365.3893174191842,33621
2024-07-10,1366.5476903093545,1391.832501838233,1362.51237491327,1364.9715435899425,23763
2024-07-11,1376.726179967243,1394.7948980819467,1367.459196845882,1388.2339499909008,29020
2024-07-12,1398.6023368438994,1411.3159540565048,1391.4242228687465,1404.118850361841,23386
2024-07-15,1395.7443840574958,1412.8351316173837,1395.7443840574958,1400.3968653376876,19176
2024-07-16,1401.441299910792,1407.1382157640878,1391.0444284785267,1401.441299910792,20316
2024-07-17,1401.5362485083467,1427.0774212506235,1395.763373777007,1425.5582436897446,34311
2024-07-18,1423.754220336201,1438.4712529572153,1417.136303086622,1421.8647432448577,28870
2024-07-19,1415.5031872086772,1451.9349640905045,1409.0466825749418,1448.5547940175488,38943
2024-07-22,1447.9945972919747,1452.6945528709439,1416.3007554281387,1423.279477348426,28543
2024-07-23,1423.279477348426,1425.1784492995248,1381.5020944242563,1381.5020944242563,30944
2024-07-24,1376.9445617416195,1389.7626224115352,1362.51237491327,1367.2787945105274,24123
2024-07-25,1367.2787945105274,1374.855692595411,1348.2795801397856,1358.2301931635425,28347
2024-07-26,1358.2301931635425,1365.094976766764,1339.6297629025314,1350.3494595664831,32354
2024-07-29,1343.5226554022836,1350.1595623713733,1327.381393817945,1327.400383537456,30869
2024-07-30,1315.9685723918424,1320.0418672269489,1292.5352585152852,1310.281151398302,51779
2024-07-31,1303.739193026767,1355.1728483222737,1303.739193026767,1349.4854273287333,43272
2024-08-01,1346.3711133289314,1348.2700852800301,1314.7532303431392,1316.1394798674412,32038
2024-08-02,1304.2139360145418,1326.4034232631293,1304.2139360145418,1315.4653448248012,21928
2024-08-05,1318.7220817209354,1353.967001133326,1315.5318088430897,1338.7847203842923,37736
2024-08-06,1350.1690572311288,1352.0680291822273,1323.5929447755034,1333.7429498541255,27444
2024-08-07,1334.502538634565,1350.1595623713733,1327.6662396106099,1343.9973983900582,20622
2024-08-08,1339.7247115000862,1375.0266000710099,1337.8257395489877,1358.4200903586523,25131
2024-08-09,1386.2780088812692,1394.7948980819467,1364.2214496692586,1364.2214496692586,30138
2024-08-12,1357.7649450355232,1370.1082627176643,1354.5177029991446,1363.556809486374,13632
2024-08-13,1360.6134029621712,1362.51237491327,1340.683692335391,1351.1280380664334,16308
2024-08-14,1351.1280380664334,1352.9225665602219,1340.6931871951465,1341.9085292438497,13414
2024-08-15,1334.0562802260567,1363.4523660290636,1333.0308353724636,1354.812043651565,23039
2024-08-16,1354.7170950540099,1363.3859020107752,1345.4311222131375,1358.9043282061825,16455
2024-08-19,1359.6639169866219,1385.1861000093877,1353.0175151577766,1353.4352889870183,20433
2024-08-20,1357.6699964379684,1357.6984810172348,1342.5731694267342,1350.8526871335243,18591
2024-08-21,1348.2700852800301,1355.8469833649137,1344.1778007254127,1345.9723292192007,15092
2024-08-22,1344.4721413778327,1348.2700852800301,1329.2898606287993,1338.8226998233145,19527
2024-08-23,1336.8762535734384,1351.5932861944527,1335.0912199394054,1343.513160542528,15320
2024-08-26,1345.421627353382,1351.9351011456504,1332.2712465920242,1340.6741974756355,15628
2024-08-27,1340.6741974756355,1341.623683451185,1330.3342952019034,1333.1447736895293,13657
2024-08-28,1333.1447736895293,1334.9772816223397,1305.543216380311,1318.8360200380014,31664
2024-08-29,1310.2906462580574,1346.3711133289314,1310.2906462580574,1341.9085292438497,27472
2024-08-30,1341.623683451185,1384.4170163691924,1334.0277956467903,1370.2886650530188,38739
2024-09-02,1357.7649450355232,1365.3608328399177,1324.5329358912973,1324.5329358912973,34135
2024-09-03,1327.381393817945,1343.5036656827726,1322.6529536597095,1338.7752255245368,17888
2024-09-04,1331.1793377201425,1347.5010016398353,1329.033499415401,1329.2803657690438,14211
2024-09-05,1329.7551087568183,1335.926767597889,1326.4319078423957,1333.9138573297246,14503
2024-09-06,1334.0277956467903,1334.9772816223397,1327.381393817945,1327.381393817945,10321
2024-09-09,1310.300141117813,1323.3080989828386,1300.8717453806082,1305.543216380311,28638
2024-09-10,1300.8147762220751,1322.6339639401986,1300.8147762220751,1308.3916743069587,19803
2024-09-11,1306.1129079656403,1315.8736237942876,1296.0483566248176,1310.2906462580574,20996
2024-09-12,1310.2906462580574,1315.038076135804,1267.4783236205387,1267.6207465168711,47948
2024-09-13,1263.7658334561409,1264.7153194316902,1231.7681560801288,1238.2531452931307,56005
2024-09-18,1234.3317682141121,1234.3412630738676,1202.675905789298,1202.9037824234297,46185
2024-09-19,1198.251301143238,1227.571428068201,1182.8981129186054,1197.3018151676888,59988
2024-09-20,1197.7765581554634,1209.550184252275,1186.8859540159126,1200.0743142162928,39982
2024-09-23,1203.9482169965338,1228.1601093730415,1196.978989936002,1197.8145375944853,45550
2024-09-24,1220.1749323186716,1303.6442444292122,1201.1852128076853,1303.2644500389924,100413
2024-09-25,1329.3278400678212,1354.9164871088753,1326.1565569094864,1328.3308797934944,73954
2024-09-26,1329.2423863300219,1452.5901094136334,1325.4824218668464,1451.7640566149057,97278
2024-09-27,1519.1775608789071,1546.9025513649472,1486.2873666858786,1546.9025513649472,87922
2024-09-30,1606.5302706294442,1670.981378649732,1568.5508316074715,1659.701485260206,157293
2024-10-08,1813.5182132991954,1813.5182132991954,1595.3073463984515,1635.9643358714732,194709
2024-10-09,1614.1261584338388,1614.1261584338388,1509.682701123414,1514.572553897493,120197
2024-10-10,1540.313118694635,1583.8185660943045,1510.6321870989632,1557.1569999008798,74603
2024-10-11,1533.7996449023667,1557.1190204618579,1509.682701123414,1523.9154958968982,41915
2024-10-14,1531.5208785610482,1538.7654565544897,1501.2987399593135,1521.0670379702503,44812
2024-10-15,1518.2280749033578,1520.117551994701,1474.5612148878447,1475.738577497526,43571
2024-10-16,1463.0439500044317,1471.5133649063314,1433.7238230794687,1445.592397773835,46664
2024-10-17,1459.3599444193,1459.9866051631627,1417.9718507451055,1419.1017390560091,39460
2024-10-18,1417.5825614951302,1488.642091905241,1404.2517783984179,1463.1578883214975,68619
2024-10-21,1463.3572803763627,1471.6747775221747,1444.3675608653764,1451.5741594197957,42008
2024-10-22,1449.4473108345653,1481.3690293325335,1447.206523932269,1465.0568602725962,36269
2024-10-23,1466.1107897054558,1497.2919091424953,1454.6125145415535,1488.3192666735542,40088
2024-10-24,1482.1476078324838,1495.4404114901743,1466.9653270834501,1473.7921312476499,23923
2024-10-25,1468.8548041747933,1495.2410194353088,1467.9148130589995,1480.1062129850527,27745
2024-10-28,1481.1981218569344,1485.945551734681,1445.3360365604367,1485.945551734681,39121
2024-10-29,1481.1981218569344,1500.1878413679208,1452.713542590455,1454.2517098708447,41166
2024-10-30,1447.9661127127083,1472.833150412345,1446.456430011585,1454.6125145415535,32006
2024-10-31,1454.7549374378862,1462.2084023459481,1443.2186828349618,1450.6151785844909,29957
2024-11-01,1444.1681688105111,1467.0792654005163,1443.9782716154011,1456.2741149987648,32284
2024-11-04,1466.8893682054063,1471.7032621014414,1450.8715397978892,1469.9941873454525,29093
2024-11-05,1462.2084023459481,1498.0040236241575,1458.4199533035064,1497.3298885815175,45640
2024-11-06,1495.4404114901743,1508.7237202881092,1482.3564947471048,1491.6424675879769,37631
2024-11-07,1483.5338573567858,1569.9750605707957,1483.381939600698,1565.8353017174006,74739
2024-11-08,1576.9917619301052,1582.8975646980218,1520.136541714212,1528.643936055134,60771
2024-11-11,1509.682701123414,1528.6249463356228,1488.0249260211342,1517.288083787564,43854
2024-11-12,1508.7332151478647,1541.0157383165415,1494.4434512158475,1497.5292806363827,49223
2024-11-13,1488.794009661329,1506.5114179650793,1482.4134639056376,1498.7636124045969,29125
2024-11-14,1490.6929816124277,1513.9079137146084,1486.5627176187882,1494.301028319515,29248
2024-11-15,1489.7434956368784,1503.7958880750082,1474.5517200280892,1480.248635881385,33761
2024-11-18,1483.0970938080332,1496.3804026059681,1476.450691979188,1480.248635881385,27092
2024-11-19,1485.945551734681,1490.0948054478315,1447.9661127127083,1464.031415419003,33266
2024-11-20,1465.0568602725962,1475.4727214243721,1453.947874358669,1466.7754298883403,21345
2024-11-21,1465.8829130713239,1470.7442812661366,1454.6125145415535,1467.0792654005163,18262
2024-11-22,1463.3003112178299,1469.5859083759663,1431.653943652771,1431.653943652771,33436
2024-11-25,1434.6733090550179,1454.6125145415535,1421.0671750253962,1422.8711983789399,33186
2024-11-26,1422.8711983789399,1442.1552585423467,1413.670679275867,1432.7743371039194,25745
2024-11-27,1432.7743371039194,1445.2600776823929,1428.976393201722,1442.3166711581898,25934
2024-11-28,1445.1176547860605,1447.9566178529528,1426.1279352750742,1441.319710883863,23952
2024-11-29,1440.3702249083137,1476.450691979188,1436.771673060982,1448.6687323346148,36088
2024-12-02,1448.9155986882577,1452.7040477306996,1438.56620155477,1447.9661127127083,26820
2024-12-03,1447.016626737159,1451.6691080173507,1439.4966978108084,1449.6182183101641,24807
2024-12-04,1443.2851468532501,1446.6938015054723,1433.7238230794687,1443.2186828349618,23924
2024-12-05,1434.540381018441,1441.1867828472862,1433.7238230794687,1434.6733090550179,16141
2024-12-06,1436.5722810061166,1461.163967772844,1431.8913151466584,1444.1776636702666,32040
2024-12-09,1445.1366445055714,1452.4476865173012,1436.7621782012266,1442.0792996643027,19800
2024-12-10,1490.6929816124277,1499.9314801545224,1467.1267396992937,1468.465514924818,60312
2024-12-11,1462.2084023459481,1476.450691979188,1453.6440388464932,1458.0306640535312,29671
2024-12-12,1454.6315042610645,1486.8950377102303,1451.7640566149057,1486.7051405151205,41937
2024-12-13,1471.7127569611969,1476.4411971194324,1442.1552585423467,1442.2691968594124,49512
2024-12-16,1444.1681688105111,1451.7640566149057,1434.3979581221088,1450.054981858917,32537
2024-12-17,1448.9061038285022,1489.7434956368784,1444.1776636702666,1479.2991499058357,54172
2024-12-18,1479.2706653265693,1497.339383441273,1468.9497527723481,1492.1172105757516,41162
2024-12-19,1486.0784797712581,1488.7275456430407,1472.0165924733726,1472.662242936746,24809
2024-12-20,1476.5193206450983,1486.8087546913798,1465.805580040207,1467.71495955395,28158
2024-12-23,1468.679292641699,1483.1442889579337,1462.893294115205,1472.006241794433,21603
2024-12-24,1470.607958817197,1488.9302874844275,1467.3195829879728,1483.9350420898877,22105
2024-12-25,1483.9157554281328,1483.9157554281328,1471.6687252137206,1475.4296242559417,17123
2024-12-26,1479.2869566069378,1483.896468766378,1468.679292641699,1473.2984481320166,18287
2024-12-27,1474.368857859418,1481.2156227824357,1465.3041268345776,1474.4363611755603,20759
2024-12-30,1479.2580266143052,1488.8917141609177,1470.607958817197,1470.607958817197,25130
2024-12-31,1470.9936920522966,1489.8946205721766,1467.7246028848274,1469.6436257294479,39354
2025-01-02,1469.6436257294479,1470.1161489424449,1427.2129698684928,1434.9276345704845,50029
2025-01-03,1441.195799640853,1441.66832285385,1414.6862830586335,1422.3913044297478,32628
2025-01-06,1401.1759764992703,1410.4914341269255,1381.6964481267407,1388.6396463585334,44255
2025-01-07,1393.1334385474438,1400.105566771869,1387.6753132707845,1388.8325129760833,24221
2025-01-08,1388.6396463585334,1400.0380634557264,1375.7754429679621,1391.050479077906,35258
2025-01-09,1397.3090008173967,1412.3429536554033,1381.8700280825356,1392.4969787095295,29706
2025-01-10,1395.4864112815512,1400.1634267571337,1384.7823140075375,1384.7823140075375,21872
2025-01-13,1374.1746500422987,1392.921285268139,1371.2912941099294,1392.4776920477743,21083
2025-01-14,1393.413095142891,1425.940050192664,1390.5683125340313,1419.9804717103752,30957
2025-01-15,1414.6766397277559,1422.0055711946482,1407.9359514443906,1418.794342012444,18399
2025-01-16,1421.4269713419988,1429.778095881905,1390.5683125340313,1394.792091458372,26342
2025-01-17,1394.8017347892496,1408.890641201262,1394.792091458372,1402.863559402831,18309
2025-01-20,1408.890641201262,1436.6537907975553,1407.926308113513,1422.1984378121979,31410
2025-01-21,1428.1773029562416,1429.1416360439907,1412.747973552258,1415.7856227786674,16856
2025-01-22,1411.0796773104523,1415.5927561611174,1386.7109801830354,1389.6039794462824,28294
2025-01-23,1398.254047243391,1415.640972815505,1386.7109801830354,1391.5326456217804,27125
2025-01-24,1390.5683125340313,1396.151801112098,1379.2952587382458,1384.7823140075375,31360
2025-01-27,1385.7466470952866,1392.4680487168969,1376.1226028795516,1383.808337588911,29356
2025-02-05,1388.6396463585334,1391.5326456217804,1352.1974989724995,1353.7307885820203,40757
2025-02-06,1350.0759661794516,1371.2720074481742,1350.0759661794516,1362.448359695271,27356
2025-02-07,1363.2583994889803,1391.2240590337008,1353.3546986777983,1384.7823140075375,37242
2025-02-10,1386.7109801830354,1388.6396463585334,1376.190106195694,1380.4524584435446,20840
2025-02-11,1383.7697642654011,1384.7437406840277,1365.3992189437831,1367.4243184280558,23573
2025-02-12,1367.4243184280558,1393.4613117972783,1366.344265369777,1391.5326456217804,25476
2025-02-13,1391.5519322835353,1422.632387701685,1383.3454577067914,1412.8058335375229,43385
2025-02-14,1412.8058335375229,1424.3199706052458,1406.2097952173199,1422.3913044297478,27100
2025-02-17,1428.1773029562416,1441.6586795229725,1414.7730730365308,1419.131858593156,32471
2025-02-18,1417.5696389910029,1439.739656678352,1409.932120936031,1422.3913044297478,27800
2025-02-19,1422.439521084135,1441.137939655588,1412.6515402434832,1437.8206338337316,32393
2025-02-20,1430.1059691317396,1438.756036928848,1420.8387281584721,1421.4269713419988,23750
2025-02-21,1427.2129698684928,1443.3462624265333,1420.4722815851273,1435.130144518912,36418
2025-02-24,1434.9276345704845,1446.0367517413529,1421.4269713419988,1426.316140096886,34744
2025-02-25,1417.5792823218803,1420.8387281584721,1400.2116434115212,1402.1403095870191,28387
2025-02-26,1403.5385925642552,1412.709400228748,1393.4613117972783,1407.9359514443906,26366
2025-02-27,1407.945594775268,1436.7598674372077,1402.1403095870191,1432.574661836377,49762
2025-02-28,1432.5168018511122,1473.8674046537885,1429.1416360439907,1447.261454762794,56129
2025-03-03,1449.0068976516195,1466.7409831353234,1428.659469500116,1433.9825881444906,31596
2025-03-04,1432.0346353072375,1432.9989683949866,1412.9504835006853,1417.675715630655,25211
2025-03-05,1419.4983051665008,1421.4269713419988,1408.022741422288,1414.0691098824739,24605
2025-03-06,1421.4269713419988,1456.335829118512,1419.5754518135207,1452.2663434882113,42168
2025-03-07,1449.3926308867192,1473.8481179920334,1449.3926308867192,1466.7506264662009,37991
2025-03-10,1465.6030700917795,1472.420905022165,1452.4206367822512,1468.582859332924,31369
2025-03-11,1462.893294115205,1493.4433663350928,1458.07162867646,1493.4433663350928,39776
2025-03-12,1491.7847134241645,1494.4076994228417,1471.909808485658,1487.5609344998238,29604
2025-03-13,1488.9302874844275,1500.020117993541,1476.278237373161,1482.9224923477514,25724
2025-03-14,1492.4597465855888,1569.9439101862195,1486.0372882211807,1569.9439101862195,92913
2025-03-17,1597.8999264000624,1598.8546161569338,1568.8542137970633,1579.442591100547,54689
2025-03-18,1586.3665026705846,1593.0782609613175,1563.8589684025235,1566.0769345043461,31613
2025-03-19,1566.3565910997931,1589.2209286103216,1565.112601416597,1577.3692749618867,27390
2025-03-20,1577.3692749618867,1579.191864497732,1538.1787782757679,1546.7902727493665,36737
2025-03-21,1541.9686073106216,1554.697804068908,1512.8746780532347,1517.6191968449598,33614
2025-03-24,1514.0029477659011,1532.961736271046,1506.654729637254,1526.5392779066378,25566
2025-03-25,1531.3609433453828,1535.9897421665778,1510.7820752528196,1519.3067797485205,17674
2025-03-26,1516.6741504189656,1526.1342580097833,1514.96728085365,1519.788946292395,14324
2025-03-27,1519.788946292395,1541.2453574948097,1517.2623936024927,1532.3252764331316,17956
2025-03-28,1534.1864392924872,1536.1826087841275,1519.788946292395,1528.6704540305632,16228
2025-03-31,1524.5913250693848,1530.358036934124,1504.4174768736762,1505.3239499761603,21085
2025-04-01,1508.216949239407,1513.8968711262487,1496.8474621348466,1500.5215711991702,18556
2025-04-02,1502.4309507129133,1511.8814149728532,1490.376787116051,1493.7712395849273,21674
2025-04-03,1475.4296242559417,1529.4322771698849,1474.4749344990703,1512.9228947076224,35481
2025-04-07,1465.7959367093295,1482.0353059070221,1409.8549742890111,1446.4996316234724,101953
2025-04-08,1459.035961764209,1489.8946205721766,1441.6779661847274,1489.8946205721766,73876
2025-04-09,1470.6272454789519,1501.2737510076145,1466.316676576714,1486.0758615446905,55630
2025-04-10,1495.670975767793,1499.5379514496663,1473.5009580804438,1493.7519529231724,38620
2025-04-11,1523.6173486507585,1523.6173486507585,1489.8946205721766,1513.0193280163971,32634
2025-04-14,1505.2950199835277,1510.145615414905,1496.1917156351774,1496.635308855542,21711
2025-04-15,1496.6449521864195,1509.1812823271562,1489.8946205721766,1502.4309507129133,21489
2025-04-16,1496.6449521864195,1519.788946292395,1482.1799558701846,1503.5592204255797,31156
2025-04-17,1498.5736183619174,1520.2711128362694,1494.7066426800438,1514.0029477659011,23846
2025-04-18,1510.145615414905,1518.8246132046459,1500.5022845374153,1510.0877554296403,20298
2025-04-21,1509.6634488710306,1509.6634488710306,1495.6806190986704,1495.6806190986704,18057
2025-04-22,1494.7162860109215,1500.79158446374,1488.1684643451058,1493.5590863056225,18432
2025-04-23,1503.3952838006624,1503.607437079967,1489.8946205721766,1496.6449521864195,18669
2025-04-24,1496.6449521864195,1505.0153633880807,1493.7326662614175,1496.8860354583567,14872
2025-04-25,1501.5630509339392,1505.51681659371,1494.7162860109215,1494.7162860109215,14765
2025-04-28,1496.6449521864195,1499.5379514496663,1491.4375535125748,1494.7162860109215,14660
2025-04-29,1494.7162860109215,1497.1656920538037,1477.3775770931948,1488.9302874844275,18922
2025-04-30,1494.7066426800438,1510.7820752528196,1491.1482535862501,1491.8232867476745,25754
2025-05-06,1503.3952838006624,1503.3952838006624,1489.2485174033845,1494.9091526284712,18300
2025-05-07,1514.0029477659011,1514.0029477659011,1494.9091526284712,1499.5379514496663,27462
2025-05-08,1497.6092852741683,1535.970455504823,1494.552349386004,1521.9008357545652,33481
2025-05-09,1522.6723022247645,1540.4738910246106,1518.8728298590333,1534.4275225644246,23672
2025-05-12,1541.0042742228725,1561.1877657494588,1539.6638512309014,1547.272439293241,24735
2025-05-13,1551.5347915410914,1551.5347915410914,1528.574020721788,1533.5789094472054,21258
2025-05-14,1533.2896095208807,1586.3279293470746,1531.5345233011776,1576.6749551387074,39460
2025-05-15,1576.491731852035,1584.9682196933486,1566.2022978057535,1573.8012425372153,24733
2025-05-16,1575.7106220509584,1578.6036213142054,1556.5589669282638,1556.5589669282638,22935
2025-05-19,1539.0756080473745,1542.9329403983704,1517.7445601463671,1522.6626588938868,38063
2025-05-20,1523.6462786433908,1537.9184083420757,1518.9210465134208,1529.4322771698849,19522
2025-05-21,1528.4679440821358,1539.0177480621096,1524.5816817385073,1524.5816817385073,19795
2025-05-22,1524.6009684002624,1528.4583007512583,1514.0993810746759,1523.6462786433908,15090
2025-05-23,1519.0174798221958,1531.2645100366078,1515.6037406915643,1516.5102137940482,21537
2025-05-26,1514.0029477659011,1518.467809962179,1489.8946205721766,1495.198452554796,27087
2025-05-27,1495.6806190986704,1503.0095505655627,1488.4577642714305,1488.8338541756527,17752
2025-05-28,1488.92064415355,1491.30254688029,1478.3226235191887,1482.1799558701846,16266
2025-05-29,1485.0729551334316,1499.5379514496663,1477.3582904314399,1485.0729551334316,21860
2025-05-30,1485.217605096594,1489.8946205721766,1461.1960678807668,1467.71495955395,31239
2025-06-03,1454.2239396563416,1464.821960290703,1451.3405837239723,1455.1786294132132,28979
2025-06-04,1456.6251290448367,1468.679292641699,1455.3907826925179,1456.1043891774523,23008
2025-06-05,1460.0002948519582,1461.9289610274561,1448.62116441652,1460.0002948519582,23214
2025-06-06,1459.8074282344082,1464.7930302980706,1449.3926308867192,1452.6617200541884,25023
2025-06-09,1451.3405837239723,1454.8893294868885,1432.690381806907,1433.1050450346388,44959
2025-06-10,1432.9989683949866,1438.7849669214804,1422.1984378121979,1422.4009477606253,30492
2025-06-11,1424.1271039876958,1440.7136330969784,1423.4520708262717,1427.2129698684928,30893
2025-06-12,1427.2129698684928,1430.944938918081,1402.236742895794,1406.961975025764,49904
2025-06-13,1392.8923552755066,1398.254047243391,1374.2325100275636,1376.0550995634094,59113
2025-06-16,1351.223522553873,1374.2132233658087,1351.204235892118,1371.561307374499,42888
2025-06-17,1369.3529846035538,1376.1033162177966,1361.8118998573568,1376.1033162177966,27232
2025-06-18,1388.6396463585334,1391.95695218039,1370.3269610221803,1374.1746500422987,30761
2025-06-19,1375.1389831300478,1382.5354179130825,1366.6335652961018,1375.1389831300478,24501
2025-06-20,1372.805297057695,1389.7389860785675,1369.5458512211037,1377.70410914346,34816
2025-06-23,1369.3529846035538,1381.8893147442905,1355.061568243114,1369.3529846035538,26723
2025-06-24,1372.5835004475127,1399.9030568234416,1372.5835004475127,1385.9395137128363,36312
2025-06-25,1387.7813899104367,1397.5115107658241,1369.8447944783059,1384.6473073752525,41050
2025-06-26,1391.3429950550783,1404.1256515467505,1386.5052512136147,1396.2594013980292,34860
2025-06-27,1396.269234210715,1399.2092452037996,1379.6321151461696,1379.6321151461696,38250
2025-06-30,1380.0352604662914,1389.6025872096739,1378.5603385634063,1385.9546137032044,30457
2025-07-01,1385.4433074435374,1388.3341543731926,1379.8484370252593,1381.6085104960357,19878
2025-07-02,1385.9349480778326,1391.1463388013603,1376.593776026226,1386.0332762046914,26218
2025-07-03,1388.393151249308,1398.9044280105368,1384.4600261749472,1391.9329638162324,24413
2025-07-04,1392.0312919430914,1407.9506156815662,1386.4364215248133,1398.4422858142993,28767
2025-07-07,1398.5012826904147,1399.7008858380948,1386.4364215248133,1387.1148856001407,23855
2025-07-08,1387.1247184128265,1396.2594013980292,1387.1148856001407,1392.4344372632133,18674
2025-07-09,1391.3429950550783,1406.0627156458731,1390.5268716021485,1395.1581263772082,27745
2025-07-10,1395.2466216913813,1412.168892323818,1386.8199012195637,1402.6507296438651,38725
2025-07-11,1399.3665702067742,1433.6240896044553,1399.3665702067742,1403.1423702781603,57243
2025-07-14,1406.0922140839307,1410.9889548015099,1397.8326514277733,1399.7992139649537,27781
2025-07-15,1397.2230170412477,1399.1404155149985,1384.774676180896,1387.4098699807178,35406
2025-07-16,1386.4364215248133,1393.7913654138679,1386.377424648698,1387.4393684187753,21286
2025-07-17,1390.3400481611163,1399.2190780164856,1389.2584387656673,1392.670424767675,23106
2025-07-18,1396.2594013980292,1413.7716407916198,1392.6999232057328,1412.975182964062,41823
2025-07-21,1412.965350151376,1422.6113393962455,1411.0086204268816,1418.874870575603,26203
2025-07-22,1419.8581518441931,1442.0803085143307,1416.5936580324737,1440.4873928592147,42119
2025-07-23,1444.4401835589472,1470.0054965422912,1444.3910194955176,1450.831511804783,45045
2025-07-24,1451.3231524390783,1473.938621616652,1450.339871170488,1466.5640121022257,38804
2025-07-25,1466.4656839753668,1466.4656839753668,1428.7076832615046,1430.6742457986848,41911
2025-07-28,1428.7076832615046,1430.664412985999,1412.2868860760489,1414.6074298699216,38586
2025-07-29,1415.5317142623962,1424.56806912074,1411.0184532395674,1414.9417455012422,26304
2025-07-30,1419.8581518441931,1432.7981333388395,1412.975182964062,1425.2072019453235,31868
2025-07-31,1418.874870575603,1420.7136065478664,1394.2928388608489,1397.9014811165748,51798
2025-08-01,1398.0981373702928,1402.1197577588266,1390.359713786488,1393.3095575922587,29636
2025-08-04,1391.3429950550783,1396.062745144311,1390.359713786488,1395.276120129439,18688
2025-08-05,1397.2426826666194,1406.0332172078154,1393.4177185318035,1403.869998416917,25342
2025-08-06,1405.1089328153407,1405.1089328153407,1395.571104510016,1400.0745327201591,23699
2025-08-07,1400.0745327201591,1403.8306671661735,1396.3183982741446,1398.570112379216,28001
2025-08-08,1399.2584092672291,1402.6507296438651,1394.2928388608489,1397.2131842285617,18655
2025-08-11,1399.7008858380948,1427.7145691802284,1399.2092452037996,1420.8414331127833,47159
2025-08-12,1424.7745581871438,1440.5758881733877,1411.9919016954718,1413.0145142148056,42019
2025-08-13,1401.17580774098,1409.7106891523426,1396.2594013980292,1396.3085654614586,65528
2025-08-14,1397.183685790504,1423.3094690969444,1397.183685790504,1403.1325374654743,48129
2025-08-15,1402.168921822256,1404.7746171840201,1396.475723277119,1398.3046264366967,47582
2025-08-18,1403.1325374654743,1412.6212017073697,1399.3075733306587,1404.6172921810455,47378
2025-08-19,1409.5336985239962,1422.4736800186429,1408.058776621111,1413.958464232652,46372
2025-08-20,1413.958464232652,1428.5110270077864,1406.1118797093025,1425.757839455734,45805
2025-08-21,1429.15015983237,1430.664412985999,1419.5140034001865,1424.0370972357011,30891
2025-08-22,1424.6565644349132,1439.5237772159962,1420.6152784210074,1439.474613152567,44971
2025-08-25,1445.4332976402231,1470.9887778108814,1441.4903397531766,1465.413573017975,65325
2025-08-26,1465.4037402052893,1469.248369965477,1455.2661103261248,1456.8393603558688,39602
2025-08-27,1457.1048462983886,1460.1038541675885,1423.7912769185536,1423.7912769185536,56006
2025-08-28,1423.761778480496,1431.7558551941338,1414.7155908094664,1421.9230425082324,39282
2025-08-29,1428.7076832615046,1457.7931431864015,1427.7244019929144,1455.2562775134388,62256
2025-09-01,1457.4194963043371,1463.12252766216,1441.1953553725996,1451.4214805659371,45123
2025-09-02,1453.938680613528,1483.7714343025536,1453.2897149762584,1466.3673558485077,56688
2025-09-03,1466.0723714679307,1478.3633873253077,1441.4903397531766,1455.7970822111633,45045
2025-09-04,1447.3900273647175,1454.5679806254257,1436.0527943378731,1448.0389930019871,47747
2025-09-05,1446.4067460961273,1462.1097479555124,1439.5237772159962,1458.2061213192094,37388
2025-09-08,1458.2061213192094,1481.2542342549627,1452.7980743419635,1476.131338845608,51383
2025-09-09,1479.8383092281929,1484.7055515077143,1468.451912137919,1479.8383092281929,35743
2025-09-10,1481.4705561340527,1504.3711768795174,1470.9887778108814,1496.5639236069114,49663
2025-09-11,1496.5639236069114,1500.506881493958,1483.2797936682584,1498.0290126971108,37239
2025-09-12,1500.4872158685862,1512.30625671704,1485.2758546434964,1490.6544031826847,33722
2025-09-15,1490.526576617768,1492.1096594601981,1476.3968247881273,1489.7694500409534,25827
2025-09-16,1489.7694500409534,1495.5609767129495,1471.1952668772853,1474.9022372598704,32718
2025-09-17,1474.9120700725562,1485.0300343263489,1465.0989230120263,1468.038934005111,30331
2025-09-18,1467.0556527365209,1472.7586840943436,1439.0321365817013,1443.4175710396134,49721
2025-09-19,1443.447069477671,1450.831511804783,1432.6506411485511,1443.4274038522992,32637
2025-09-22,1440.5955537987595,1443.4274038522992,1425.7676722684198,1429.051831705511,34947
2025-09-23,1426.249480090029,1433.13244897016,1415.9250267698324,1423.2209737827714,38663
2025-09-24,1410.0941688470928,1432.4244864567752,1410.0941688470928,1417.8915893070127,30744
2025-09-25,1418.7077127599425,1421.0479221791873,1411.9919016954718,1414.9417455012422,33870
2025-09-26,1417.085298666769,1422.9161565895083,1404.1354843594363,1411.0086204268816,45121
2025-09-29,1415.3153923833065,1445.4136320148514,1411.0086204268816,1436.436274032623,53684
2025-09-30,1435.5906521416357,1436.3379459057642,1415.9250267698324,1419.8483190315071,39364
2025-10-09,1411.9919016954718,1415.3153923833065,1396.2594013980292,1412.758861084972,54918
2025-10-10,1413.5651517252159,1415.866029893717,1403.6340109124553,1406.0922140839307,36001
2025-10-13,1392.0312919430914,1399.061753013511,1391.4609888073091,1395.472776383157,46069
2025-10-14,1406.082381271245,1439.5237772159962,1406.082381271245,1426.760786349696,66672
2025-10-15,1426.7214550989524,1438.540495947406,1420.9200956142704,1437.5572146788159,42785
2025-10-16,1437.4785521773288,1460.1235197929602,1434.4893771208147,1460.0841885422167,45730
2025-10-17,1458.3044494460682,1463.12252766216,1429.7204629681523,1430.6742457986848,38086
2025-10-20,1430.6742457986848,1444.9318241932422,1430.5562520464541,1433.555259915654,25950
2025-10-21,1434.6073708730455,1445.3644679514218,1431.16588643298,1437.8128678086493,25443
2025-10-22,1437.6358771803032,1441.2248538106574,1431.657527067275,1434.3123864924685,18195
2025-10-23,1430.6742457986848,1444.243527305229,1423.0046519036816,1443.4372366649852,29322
2025-10-24,1443.4077382269274,1454.155002492618,1425.1088738184644,1425.757839455734,38226
2025-10-27,1415.9250267698324,1428.2062098145236,1411.9820688827858,1416.3281720899545,37102
2025-10-28,1417.8915893070127,1426.9377769780422,1417.0066361652814,1420.8414331127833,27124
2025-10-29,1415.9446923952041,1422.365519079098,1406.1315453346745,1407.9604484942522,33937
2025-10-30,1398.0391404941772,1412.6113688946837,1398.0391404941772,1402.8867171483269,47456
2025-10-31,1398.2259639352094,1411.9722360701,1396.367562337574,1406.1020468966167,35694
2025-11-03,1407.0754953525209,1423.7912769185536,1396.357729524888,1411.0086204268816,34548
2025-11-04,1411.1069485537405,1411.7755798163819,1399.9762045933,1405.1089328153407,26566
2025-11-05,1402.0509280700253,1407.065662539835,1396.269234210715,1396.3380638995163,34475
2025-11-06,1406.0922140839307,1417.3507846092882,1406.082381271245,1411.1364469917985,38348
2025-11-07,1411.1167813664265,1415.7087048907426,1407.1836562920657,1409.366540708336,18861
2025-11-10,1411.0086204268816,1439.2189600227334,1410.9889548015099,1437.852199059393,49452
2025-11-11,1437.5572146788159,1437.7342053071623,1422.8079956499635,1434.5975380603595,26692
2025-11-12,1435.570986516264,1453.6436962329508,1434.8138599394495,1440.654550674875,32992
2025-11-13,1437.6752084310467,1448.94361176909,1433.6240896044553,1445.7971117096015,31179
2025-11-14,1445.4234648275371,1454.2238321814193,1431.952511447852,1432.247495828429,27473
2025-11-17,1429.6909645300946,1448.3733086333077,1421.6182253149693,1446.4067460961273,34462
2025-11-18,1446.1117617155503,1461.224794813781,1444.4401835589472,1451.3231524390783,34205
2025-11-19,1449.356589901898,1454.7941353172014,1445.3841335767936,1446.4165789088133,22045
2025-11-20,1447.3900273647175,1455.15794938658,1440.5365569226442,1442.5817819613117,24002
2025-11-21,1445.9151054618324,1455.2562775134388,1431.657527067275,1442.0803085143307,42607
2025-11-24,1442.4736210217668,1446.4067460961273,1426.868947289241,1427.7244019929144,33607
2025-11-25,1433.6240896044553,1433.6240896044553,1420.349792478488,1420.4972846687767,28441
2025-11-26,1424.6565644349132,1429.1894910831136,1419.445173711385,1424.9220503774325,20306
2025-11-27,1425.2661988214388,1425.757839455734,1414.9810767519857,1423.1029800305405,22287
2025-11-28,1422.3163550156685,1431.16588643298,1418.874870575603,1426.249480090029,23211
2025-12-01,1426.7411207243242,1437.8227006213353,1417.8915893070127,1423.7912769185536,27333
2025-12-02,1423.7912769185536,1427.645739491427,1411.0282860522534,1412.0214001335294,25047
2025-12-03,1411.8050782544396,1411.962403257414,1404.1256515467505,1405.2072609421996,23573
2025-12-04,1405.2072609421996,1408.5504172554063,1394.6664857429132,1400.172860847018,29075
2025-12-05,1400.172860847018,1409.1305532038743,1395.767760763734,1406.1020468966167,25402
2025-12-08,1405.3055890690587,1412.6507001454272,1394.2928388608489,1394.5091607399388,33603
2025-12-09,1394.5189935526246,1397.2426826666194,1376.6429400896554,1377.586890107502,42634
2025-12-10,1376.593776026226,1379.3469635782783,1360.0549850885395,1379.3469635782783,33133
2025-12-11,1383.1424292750364,1388.383318436622,1378.1178619925406,1388.383318436622,22385
2025-12-12,1394.2928388608489,1401.17580774098,1389.9369028409944,1396.8985342226129,37159
2025-12-15,1415.5218814497105,1415.9151939571466,1401.7362780640763,1402.1590890095702,33359
2025-12-16,1402.3557452632883,1404.8926109362508,1391.3429950550783,1398.2259639352094,23964
2025-12-17,1401.17580774098,1415.866029893717,1393.9781888549,1409.1403860165601,31382
2025-12-18,1409.5336985239962,1414.8237517490115,1402.267249949115,1407.0754953525209,17830
2025-12-19,1410.0,1412.45,1401.01,1410.0,26509
2025-12-22,1410.0,1414.14,1406.58,1408.26,20426
2025-12-23,1408.26,1412.93,1397.19,1407.86,24507
2025-12-24,1404.99,1406.36,1400.0,1400.9,25187
2025-12-25,1405.0,1419.48,1401.38,1414.17,23386
2025-12-26,1414.17,1419.14,1410.0,1414.13,17803
2025-12-29,1414.13,1414.13,1401.0,1402.0,26308
2025-12-30,1401.0,1401.9,1386.0,1389.72,33792
2025-12-31,1390.0,1394.0,1377.17,1377.18,34766
2026-01-05,1385.0,1431.88,1385.0,1426.0,70949
2026-01-06,1432.55,1436.97,1416.53,1428.01,39586
2026-01-07,1432.88,1435.0,1420.2,1423.36,29684
2026-01-08,1423.33,1423.36,1408.14,1412.3,29135
2026-01-09,1417.0,1428.6,1416.01,1419.1,29848
2026-01-12,1419.1,1431.0,1417.1,1423.23,36083
2026-01-13,1426.79,1429.52,1408.99,1411.0,39169
2026-01-14,1411.0,1422.25,1396.18,1398.01,51758
2026-01-15,1396.02,1402.83,1388.58,1388.89,40907
2026-01-16,1395.0,1397.5,1380.0,1382.0,55121
2026-01-19,1381.9,1387.49,1375.0,1376.0,42286
2026-01-20,1379.5,1381.58,1372.05,1373.55,36484
2026-01-21,1373.56,1374.4,1350.0,1351.06,64516
2026-01-22,1352.01,1361.76,1337.48,1340.06,59011
2026-01-23,1340.1,1348.0,1332.47,1337.0,61949
2026-01-26,1340.51,1355.0,1325.12,1342.0,80166
2026-01-27,1344.98,1353.7,1338.0,1343.01,48416
2026-01-28,1343.04,1346.71,1322.01,1323.69,76218
2026-01-29,1335.0,1445.0,1329.06,1437.72,189534
2026-01-30,1435.0,1435.0,1401.0,1401.0,94480
2026-02-02,1425.0,1458.58,1411.62,1427.0,85724
2026-02-03,1445.0,1476.81,1443.03,1474.92,86321
2026-02-04,1485.0,1533.27,1474.0,1525.0,109123
2026-02-05,1520.0,1565.0,1515.0,1555.0,91623
2026-02-06,1555.0,1568.0,1505.88,1515.01,78965
2026-02-09,1518.0,1542.88,1513.49,1524.96,51168
2026-02-10,1524.97,1524.97,1496.5,1504.8,39576
2026-02-11,1504.8,1514.0,1496.0,1504.33,30928
2026-02-12,1500.2,1502.82,1473.36,1486.6,46246
2026-02-13,1486.6,1507.8,1470.58,1485.3,41679
2026-02-24,1521.0,1524.4,1463.6,1466.8,41913
2026-02-25,1470.0,1509.66,1467.88,1491.66,36881
2026-02-26,1486.6,1489.49,1464.67,1466.21,32958
2026-02-27,1466.99,1476.21,1455.02,1455.02,32160
2026-03-02,1450.0,1457.0,1436.66,1440.11,35454
2026-03-03,1440.1,1452.87,1422.13,1426.19,45891
2026-03-04,1415.0,1423.0,1392.09,1401.18,48014
2026-03-05,1406.0,1412.96,1395.0,1399.04,30505
2026-03-06,1395.0,1407.5,1388.0,1402.0,29154
2026-03-09,1390.0,1404.9,1383.2,1397.0,37442
2026-03-10,1404.9,1409.49,1398.0,1401.88,24626
2026-03-11,1402.99,1405.99,1398.02,1400.0,24457
2026-03-12,1395.0,1403.95,1391.01,1392.0,27586
2026-03-13,1392.48,1417.62,1392.0,1413.64,33608
2026-03-16,1420.0,1466.0,1420.0,1460.18,60086
2026-03-17,1468.0,1498.07,1461.19,1485.0,49454
2026-03-18,1489.0,1496.5,1463.15,1468.8,35551
2026-03-19,1472.96,1473.0,1446.0,1452.87,30319
2026-03-20,1452.96,1462.5,1439.0,1445.0,26132
2026-03-23,1433.33,1435.0,1400.03,1408.07,47256
2026-03-24,1416.0,1417.59,1400.18,1407.33,28562
2026-03-25,1410.11,1417.87,1401.01,1410.27,26093
2026-03-26,1409.0,1413.9,1400.3,1401.18,23093
2026-03-27,1400.0,1426.0,1396.66,1416.02,30087
2026-03-30,1407.0,1431.0,1402.52,1420.0,28685
2026-03-31,1468.0,1479.93,1448.41,1450.0,61691
2026-04-01,1464.49,1469.99,1452.88,1459.44,29125
2026-04-02,1459.44,1464.88,1452.1,1459.88,21064
2026-04-03,1459.54,1469.96,1455.0,1460.0,20194
2026-04-07,1460.05,1470.0,1435.05,1440.02,24152
2026-04-08,1460.0,1469.08,1452.13,1465.02,33836
2026-04-09,1465.02,1465.02,1447.5,1460.49,20705
2026-04-10,1459.14,1459.71,1441.1,1453.96,28866
2026-04-13,1444.0,1446.5,1433.0,1443.31,25214
2026-04-14,1442.6,1448.6,1435.0,1446.9,24233
2026-04-15,1444.98,1470.79,1442.0,1467.5,34553
2026-04-16,1467.45,1477.41,1460.0,1462.84,24513
2026-04-17,1400.0,1421.0,1399.87,1407.24,96825
2026-04-20,1403.0,1413.94,1400.0,1410.89,36451
2026-04-21,1411.0,1419.9,1410.0,1412.01,21754
2026-04-22,1415.0,1419.0,1404.98,1409.5,26916
2026-04-23,1408.0,1419.7,1405.1,1419.0,37701
2026-04-24,1413.1,1458.88,1413.1,1458.49,55455
2026-04-27,1420.0,1420.0,1402.2,1403.2,72798
2026-04-28,1402.0,1409.39,1400.11,1405.0,34004
2026-04-29,1405.0,1409.75,1400.28,1401.17,34813
2026-04-30,1400.0,1401.17,1380.0,1384.79,52753
2026-05-06,1365.1,1379.0,1360.05,1375.0,47806
2026-05-07,1375.0,1388.0,1370.01,1371.05,40461
2026-05-08,1371.66,1382.77,1370.0,1372.99,33369
2026-05-11,1372.89,1372.89,1361.0,1361.33,57135
2026-05-12,1362.0,1363.58,1350.5,1354.55,50837
2026-05-13,1354.5,1358.6,1338.0,1344.09,56968
2026-05-14,1338.0,1369.06,1335.18,1342.17,55244
2026-05-15,1335.15,1339.28,1327.11,1332.95,58184
2026-05-18,1336.0,1342.68,1319.61,1323.0,49661
2026-05-19,1321.9,1329.99,1318.0,1324.3,43255
2026-05-20,1321.0,1332.99,1314.0,1315.0,47487
2026-05-21,1312.98,1323.52,1311.0,1311.0,38868
2026-05-22,1310.95,1311.91,1290.12,1290.2,49157
